The target system is: Emscripten - 1 - x86
The host system is: Linux - 5.15.49-linuxkit - x86_64
Determining if the __EMSCRIPTEN__ exist passed with the following output:
Change Dir: /work/webrcade/retrostash/flycast-wasm/source/build-wasm-prod/CMakeFiles/CMakeTmp

Run Build Command(s):/usr/bin/gmake -f Makefile cmTC_211d2/fast && /usr/bin/gmake  -f CMakeFiles/cmTC_211d2.dir/build.make CMakeFiles/cmTC_211d2.dir/build
gmake[1]: Entering directory '/work/webrcade/retrostash/flycast-wasm/source/build-wasm-prod/CMakeFiles/CMakeTmp'
Building C object CMakeFiles/cmTC_211d2.dir/CheckSymbolExists.c.o
/emsdk/upstream/emscripten/emcc   -DJIT_PROD_BUILD=1 -DFLY_RELEASE_BUILD=1  -MD -MT CMakeFiles/cmTC_211d2.dir/CheckSymbolExists.c.o -MF CMakeFiles/cmTC_211d2.dir/CheckSymbolExists.c.o.d -o CMakeFiles/cmTC_211d2.dir/CheckSymbolExists.c.o -c /work/webrcade/retrostash/flycast-wasm/source/build-wasm-prod/CMakeFiles/CMakeTmp/CheckSymbolExists.c
Linking C executable cmTC_211d2.js
/usr/bin/cmake -E cmake_link_script CMakeFiles/cmTC_211d2.dir/link.txt --verbose=1
/emsdk/upstream/emscripten/emcc -DJIT_PROD_BUILD=1 -DFLY_RELEASE_BUILD=1  @CMakeFiles/cmTC_211d2.dir/objects1.rsp -o cmTC_211d2.js 
cache:INFO: generating system asset: symbol_lists/69923ce49f9db1239cce22f2b5d3d3728397ea7b.json... (this will be cached in "/emsdk/upstream/emscripten/cache/symbol_lists/69923ce49f9db1239cce22f2b5d3d3728397ea7b.json" for subsequent builds)
cache:INFO:  - ok
gmake[1]: Leaving directory '/work/webrcade/retrostash/flycast-wasm/source/build-wasm-prod/CMakeFiles/CMakeTmp'


File /work/webrcade/retrostash/flycast-wasm/source/build-wasm-prod/CMakeFiles/CMakeTmp/CheckSymbolExists.c:
/* */

int main(int argc, char** argv)
{
  (void)argv;
#ifndef __EMSCRIPTEN__
  return ((int*)(&__EMSCRIPTEN__))[argc];
#else
  (void)argc;
  return 0;
#endif
}
Determining if the include file sys/types.h exists passed with the following output:
Change Dir: /work/webrcade/retrostash/flycast-wasm/source/build-wasm-prod/CMakeFiles/CMakeTmp

Run Build Command(s):/usr/bin/gmake -f Makefile cmTC_bfd88/fast && /usr/bin/gmake  -f CMakeFiles/cmTC_bfd88.dir/build.make CMakeFiles/cmTC_bfd88.dir/build
gmake[1]: Entering directory '/work/webrcade/retrostash/flycast-wasm/source/build-wasm-prod/CMakeFiles/CMakeTmp'
Building C object CMakeFiles/cmTC_bfd88.dir/CheckIncludeFile.c.o
/emsdk/upstream/emscripten/emcc   -DJIT_PROD_BUILD=1 -DFLY_RELEASE_BUILD=1  -fPIE -MD -MT CMakeFiles/cmTC_bfd88.dir/CheckIncludeFile.c.o -MF CMakeFiles/cmTC_bfd88.dir/CheckIncludeFile.c.o.d -o CMakeFiles/cmTC_bfd88.dir/CheckIncludeFile.c.o -c /work/webrcade/retrostash/flycast-wasm/source/build-wasm-prod/CMakeFiles/CMakeTmp/CheckIncludeFile.c
Linking C executable cmTC_bfd88.js
/usr/bin/cmake -E cmake_link_script CMakeFiles/cmTC_bfd88.dir/link.txt --verbose=1
/emsdk/upstream/emscripten/emcc -DJIT_PROD_BUILD=1 -DFLY_RELEASE_BUILD=1  @CMakeFiles/cmTC_bfd88.dir/objects1.rsp -o cmTC_bfd88.js 
gmake[1]: Leaving directory '/work/webrcade/retrostash/flycast-wasm/source/build-wasm-prod/CMakeFiles/CMakeTmp'



Determining if the include file stdint.h exists passed with the following output:
Change Dir: /work/webrcade/retrostash/flycast-wasm/source/build-wasm-prod/CMakeFiles/CMakeTmp

Run Build Command(s):/usr/bin/gmake -f Makefile cmTC_e70fa/fast && /usr/bin/gmake  -f CMakeFiles/cmTC_e70fa.dir/build.make CMakeFiles/cmTC_e70fa.dir/build
gmake[1]: Entering directory '/work/webrcade/retrostash/flycast-wasm/source/build-wasm-prod/CMakeFiles/CMakeTmp'
Building C object CMakeFiles/cmTC_e70fa.dir/CheckIncludeFile.c.o
/emsdk/upstream/emscripten/emcc   -DJIT_PROD_BUILD=1 -DFLY_RELEASE_BUILD=1  -fPIE -MD -MT CMakeFiles/cmTC_e70fa.dir/CheckIncludeFile.c.o -MF CMakeFiles/cmTC_e70fa.dir/CheckIncludeFile.c.o.d -o CMakeFiles/cmTC_e70fa.dir/CheckIncludeFile.c.o -c /work/webrcade/retrostash/flycast-wasm/source/build-wasm-prod/CMakeFiles/CMakeTmp/CheckIncludeFile.c
Linking C executable cmTC_e70fa.js
/usr/bin/cmake -E cmake_link_script CMakeFiles/cmTC_e70fa.dir/link.txt --verbose=1
/emsdk/upstream/emscripten/emcc -DJIT_PROD_BUILD=1 -DFLY_RELEASE_BUILD=1  @CMakeFiles/cmTC_e70fa.dir/objects1.rsp -o cmTC_e70fa.js 
gmake[1]: Leaving directory '/work/webrcade/retrostash/flycast-wasm/source/build-wasm-prod/CMakeFiles/CMakeTmp'



Determining if the include file stddef.h exists passed with the following output:
Change Dir: /work/webrcade/retrostash/flycast-wasm/source/build-wasm-prod/CMakeFiles/CMakeTmp

Run Build Command(s):/usr/bin/gmake -f Makefile cmTC_a0b73/fast && /usr/bin/gmake  -f CMakeFiles/cmTC_a0b73.dir/build.make CMakeFiles/cmTC_a0b73.dir/build
gmake[1]: Entering directory '/work/webrcade/retrostash/flycast-wasm/source/build-wasm-prod/CMakeFiles/CMakeTmp'
Building C object CMakeFiles/cmTC_a0b73.dir/CheckIncludeFile.c.o
/emsdk/upstream/emscripten/emcc   -DJIT_PROD_BUILD=1 -DFLY_RELEASE_BUILD=1  -fPIE -MD -MT CMakeFiles/cmTC_a0b73.dir/CheckIncludeFile.c.o -MF CMakeFiles/cmTC_a0b73.dir/CheckIncludeFile.c.o.d -o CMakeFiles/cmTC_a0b73.dir/CheckIncludeFile.c.o -c /work/webrcade/retrostash/flycast-wasm/source/build-wasm-prod/CMakeFiles/CMakeTmp/CheckIncludeFile.c
Linking C executable cmTC_a0b73.js
/usr/bin/cmake -E cmake_link_script CMakeFiles/cmTC_a0b73.dir/link.txt --verbose=1
/emsdk/upstream/emscripten/emcc -DJIT_PROD_BUILD=1 -DFLY_RELEASE_BUILD=1  @CMakeFiles/cmTC_a0b73.dir/objects1.rsp -o cmTC_a0b73.js 
gmake[1]: Leaving directory '/work/webrcade/retrostash/flycast-wasm/source/build-wasm-prod/CMakeFiles/CMakeTmp'



Determining size of off64_t passed with the following output:
Change Dir: /work/webrcade/retrostash/flycast-wasm/source/build-wasm-prod/CMakeFiles/CMakeTmp

Run Build Command(s):/usr/bin/gmake -f Makefile cmTC_76ebe/fast && /usr/bin/gmake  -f CMakeFiles/cmTC_76ebe.dir/build.make CMakeFiles/cmTC_76ebe.dir/build
gmake[1]: Entering directory '/work/webrcade/retrostash/flycast-wasm/source/build-wasm-prod/CMakeFiles/CMakeTmp'
Building C object CMakeFiles/cmTC_76ebe.dir/OFF64_T.c.o
/emsdk/upstream/emscripten/emcc -DHAVE_STDDEF_H -DHAVE_STDINT_H -DHAVE_SYS_TYPES_H -D_LARGEFILE64_SOURCE=1  -DJIT_PROD_BUILD=1 -DFLY_RELEASE_BUILD=1  -fPIE -MD -MT CMakeFiles/cmTC_76ebe.dir/OFF64_T.c.o -MF CMakeFiles/cmTC_76ebe.dir/OFF64_T.c.o.d -o CMakeFiles/cmTC_76ebe.dir/OFF64_T.c.o -c /work/webrcade/retrostash/flycast-wasm/source/build-wasm-prod/CMakeFiles/CheckTypeSize/OFF64_T.c
Linking C executable cmTC_76ebe.js
/usr/bin/cmake -E cmake_link_script CMakeFiles/cmTC_76ebe.dir/link.txt --verbose=1
/emsdk/upstream/emscripten/emcc -DJIT_PROD_BUILD=1 -DFLY_RELEASE_BUILD=1  @CMakeFiles/cmTC_76ebe.dir/objects1.rsp -o cmTC_76ebe.js @CMakeFiles/cmTC_76ebe.dir/linklibs.rsp
cache:INFO: generating system asset: symbol_lists/6de4f62c083519ca0ad2224cff9f51dcefb7237c.json... (this will be cached in "/emsdk/upstream/emscripten/cache/symbol_lists/6de4f62c083519ca0ad2224cff9f51dcefb7237c.json" for subsequent builds)
cache:INFO:  - ok
gmake[1]: Leaving directory '/work/webrcade/retrostash/flycast-wasm/source/build-wasm-prod/CMakeFiles/CMakeTmp'



Determining if the function fseeko exists passed with the following output:
Change Dir: /work/webrcade/retrostash/flycast-wasm/source/build-wasm-prod/CMakeFiles/CMakeTmp

Run Build Command(s):/usr/bin/gmake -f Makefile cmTC_ff834/fast && /usr/bin/gmake  -f CMakeFiles/cmTC_ff834.dir/build.make CMakeFiles/cmTC_ff834.dir/build
gmake[1]: Entering directory '/work/webrcade/retrostash/flycast-wasm/source/build-wasm-prod/CMakeFiles/CMakeTmp'
Building C object CMakeFiles/cmTC_ff834.dir/CheckFunctionExists.c.o
/emsdk/upstream/emscripten/emcc   -DJIT_PROD_BUILD=1 -DFLY_RELEASE_BUILD=1 -DCHECK_FUNCTION_EXISTS=fseeko -fPIE -MD -MT CMakeFiles/cmTC_ff834.dir/CheckFunctionExists.c.o -MF CMakeFiles/cmTC_ff834.dir/CheckFunctionExists.c.o.d -o CMakeFiles/cmTC_ff834.dir/CheckFunctionExists.c.o -c /usr/share/cmake-3.22/Modules/CheckFunctionExists.c
Linking C executable cmTC_ff834.js
/usr/bin/cmake -E cmake_link_script CMakeFiles/cmTC_ff834.dir/link.txt --verbose=1
/emsdk/upstream/emscripten/emcc -DJIT_PROD_BUILD=1 -DFLY_RELEASE_BUILD=1 -DCHECK_FUNCTION_EXISTS=fseeko @CMakeFiles/cmTC_ff834.dir/objects1.rsp -o cmTC_ff834.js 
wasm-ld: warning: function signature mismatch: fseeko
>>> defined as () -> i32 in CMakeFiles/cmTC_ff834.dir/CheckFunctionExists.c.o
>>> defined as (i32, i64, i32) -> i32 in /emsdk/upstream/emscripten/cache/sysroot/lib/wasm32-emscripten/libc-debug.a(fseek.o)
gmake[1]: Leaving directory '/work/webrcade/retrostash/flycast-wasm/source/build-wasm-prod/CMakeFiles/CMakeTmp'



Determining if the include file unistd.h exists passed with the following output:
Change Dir: /work/webrcade/retrostash/flycast-wasm/source/build-wasm-prod/CMakeFiles/CMakeTmp

Run Build Command(s):/usr/bin/gmake -f Makefile cmTC_dde93/fast && /usr/bin/gmake  -f CMakeFiles/cmTC_dde93.dir/build.make CMakeFiles/cmTC_dde93.dir/build
gmake[1]: Entering directory '/work/webrcade/retrostash/flycast-wasm/source/build-wasm-prod/CMakeFiles/CMakeTmp'
Building C object CMakeFiles/cmTC_dde93.dir/CheckIncludeFile.c.o
/emsdk/upstream/emscripten/emcc   -DJIT_PROD_BUILD=1 -DFLY_RELEASE_BUILD=1  -fPIE -MD -MT CMakeFiles/cmTC_dde93.dir/CheckIncludeFile.c.o -MF CMakeFiles/cmTC_dde93.dir/CheckIncludeFile.c.o.d -o CMakeFiles/cmTC_dde93.dir/CheckIncludeFile.c.o -c /work/webrcade/retrostash/flycast-wasm/source/build-wasm-prod/CMakeFiles/CMakeTmp/CheckIncludeFile.c
Linking C executable cmTC_dde93.js
/usr/bin/cmake -E cmake_link_script CMakeFiles/cmTC_dde93.dir/link.txt --verbose=1
/emsdk/upstream/emscripten/emcc -DJIT_PROD_BUILD=1 -DFLY_RELEASE_BUILD=1  @CMakeFiles/cmTC_dde93.dir/objects1.rsp -o cmTC_dde93.js 
gmake[1]: Leaving directory '/work/webrcade/retrostash/flycast-wasm/source/build-wasm-prod/CMakeFiles/CMakeTmp'



Performing C SOURCE FILE Test C_FLAG_WALL succeeded with the following output:
Change Dir: /work/webrcade/retrostash/flycast-wasm/source/build-wasm-prod/CMakeFiles/CMakeTmp

Run Build Command(s):/usr/bin/gmake -f Makefile cmTC_17680/fast && /usr/bin/gmake  -f CMakeFiles/cmTC_17680.dir/build.make CMakeFiles/cmTC_17680.dir/build
gmake[1]: Entering directory '/work/webrcade/retrostash/flycast-wasm/source/build-wasm-prod/CMakeFiles/CMakeTmp'
Building C object CMakeFiles/cmTC_17680.dir/src.c.o
/emsdk/upstream/emscripten/emcc -DC_FLAG_WALL  -DJIT_PROD_BUILD=1 -DFLY_RELEASE_BUILD=1  -fPIE   -Wall -MD -MT CMakeFiles/cmTC_17680.dir/src.c.o -MF CMakeFiles/cmTC_17680.dir/src.c.o.d -o CMakeFiles/cmTC_17680.dir/src.c.o -c /work/webrcade/retrostash/flycast-wasm/source/build-wasm-prod/CMakeFiles/CMakeTmp/src.c
Linking C executable cmTC_17680.js
/usr/bin/cmake -E cmake_link_script CMakeFiles/cmTC_17680.dir/link.txt --verbose=1
/emsdk/upstream/emscripten/emcc -DJIT_PROD_BUILD=1 -DFLY_RELEASE_BUILD=1  @CMakeFiles/cmTC_17680.dir/objects1.rsp -o cmTC_17680.js 
gmake[1]: Leaving directory '/work/webrcade/retrostash/flycast-wasm/source/build-wasm-prod/CMakeFiles/CMakeTmp'


Source file was:
int main(void) { return 0; }
Performing C++ SOURCE FILE Test CXX_FLAG_WALL succeeded with the following output:
Change Dir: /work/webrcade/retrostash/flycast-wasm/source/build-wasm-prod/CMakeFiles/CMakeTmp

Run Build Command(s):/usr/bin/gmake -f Makefile cmTC_3036a/fast && /usr/bin/gmake  -f CMakeFiles/cmTC_3036a.dir/build.make CMakeFiles/cmTC_3036a.dir/build
gmake[1]: Entering directory '/work/webrcade/retrostash/flycast-wasm/source/build-wasm-prod/CMakeFiles/CMakeTmp'
Building CXX object CMakeFiles/cmTC_3036a.dir/src.cxx.o
/emsdk/upstream/emscripten/em++ -DCXX_FLAG_WALL  -DJIT_PROD_BUILD=1 -DFLY_RELEASE_BUILD=1  -fPIE   -Wall -std=c++17 -MD -MT CMakeFiles/cmTC_3036a.dir/src.cxx.o -MF CMakeFiles/cmTC_3036a.dir/src.cxx.o.d -o CMakeFiles/cmTC_3036a.dir/src.cxx.o -c /work/webrcade/retrostash/flycast-wasm/source/build-wasm-prod/CMakeFiles/CMakeTmp/src.cxx
Linking CXX executable cmTC_3036a.js
/usr/bin/cmake -E cmake_link_script CMakeFiles/cmTC_3036a.dir/link.txt --verbose=1
/emsdk/upstream/emscripten/em++ -DJIT_PROD_BUILD=1 -DFLY_RELEASE_BUILD=1  @CMakeFiles/cmTC_3036a.dir/objects1.rsp -o cmTC_3036a.js 
gmake[1]: Leaving directory '/work/webrcade/retrostash/flycast-wasm/source/build-wasm-prod/CMakeFiles/CMakeTmp'


Source file was:
int main() { return 0; }
Performing C SOURCE FILE Test C_FLAG_WEXTRA succeeded with the following output:
Change Dir: /work/webrcade/retrostash/flycast-wasm/source/build-wasm-prod/CMakeFiles/CMakeTmp

Run Build Command(s):/usr/bin/gmake -f Makefile cmTC_bdca8/fast && /usr/bin/gmake  -f CMakeFiles/cmTC_bdca8.dir/build.make CMakeFiles/cmTC_bdca8.dir/build
gmake[1]: Entering directory '/work/webrcade/retrostash/flycast-wasm/source/build-wasm-prod/CMakeFiles/CMakeTmp'
Building C object CMakeFiles/cmTC_bdca8.dir/src.c.o
/emsdk/upstream/emscripten/emcc -DC_FLAG_WEXTRA  -DJIT_PROD_BUILD=1 -DFLY_RELEASE_BUILD=1 -Wall  -fPIE   -Wextra -MD -MT CMakeFiles/cmTC_bdca8.dir/src.c.o -MF CMakeFiles/cmTC_bdca8.dir/src.c.o.d -o CMakeFiles/cmTC_bdca8.dir/src.c.o -c /work/webrcade/retrostash/flycast-wasm/source/build-wasm-prod/CMakeFiles/CMakeTmp/src.c
Linking C executable cmTC_bdca8.js
/usr/bin/cmake -E cmake_link_script CMakeFiles/cmTC_bdca8.dir/link.txt --verbose=1
/emsdk/upstream/emscripten/emcc -DJIT_PROD_BUILD=1 -DFLY_RELEASE_BUILD=1 -Wall  @CMakeFiles/cmTC_bdca8.dir/objects1.rsp -o cmTC_bdca8.js 
gmake[1]: Leaving directory '/work/webrcade/retrostash/flycast-wasm/source/build-wasm-prod/CMakeFiles/CMakeTmp'


Source file was:
int main(void) { return 0; }
Performing C++ SOURCE FILE Test CXX_FLAG_WEXTRA succeeded with the following output:
Change Dir: /work/webrcade/retrostash/flycast-wasm/source/build-wasm-prod/CMakeFiles/CMakeTmp

Run Build Command(s):/usr/bin/gmake -f Makefile cmTC_16657/fast && /usr/bin/gmake  -f CMakeFiles/cmTC_16657.dir/build.make CMakeFiles/cmTC_16657.dir/build
gmake[1]: Entering directory '/work/webrcade/retrostash/flycast-wasm/source/build-wasm-prod/CMakeFiles/CMakeTmp'
Building CXX object CMakeFiles/cmTC_16657.dir/src.cxx.o
/emsdk/upstream/emscripten/em++ -DCXX_FLAG_WEXTRA  -DJIT_PROD_BUILD=1 -DFLY_RELEASE_BUILD=1 -Wall  -fPIE   -Wextra -std=c++17 -MD -MT CMakeFiles/cmTC_16657.dir/src.cxx.o -MF CMakeFiles/cmTC_16657.dir/src.cxx.o.d -o CMakeFiles/cmTC_16657.dir/src.cxx.o -c /work/webrcade/retrostash/flycast-wasm/source/build-wasm-prod/CMakeFiles/CMakeTmp/src.cxx
Linking CXX executable cmTC_16657.js
/usr/bin/cmake -E cmake_link_script CMakeFiles/cmTC_16657.dir/link.txt --verbose=1
/emsdk/upstream/emscripten/em++ -DJIT_PROD_BUILD=1 -DFLY_RELEASE_BUILD=1 -Wall  @CMakeFiles/cmTC_16657.dir/objects1.rsp -o cmTC_16657.js 
gmake[1]: Leaving directory '/work/webrcade/retrostash/flycast-wasm/source/build-wasm-prod/CMakeFiles/CMakeTmp'


Source file was:
int main() { return 0; }
Performing C SOURCE FILE Test C_FLAG_WUNDEF succeeded with the following output:
Change Dir: /work/webrcade/retrostash/flycast-wasm/source/build-wasm-prod/CMakeFiles/CMakeTmp

Run Build Command(s):/usr/bin/gmake -f Makefile cmTC_fd223/fast && /usr/bin/gmake  -f CMakeFiles/cmTC_fd223.dir/build.make CMakeFiles/cmTC_fd223.dir/build
gmake[1]: Entering directory '/work/webrcade/retrostash/flycast-wasm/source/build-wasm-prod/CMakeFiles/CMakeTmp'
Building C object CMakeFiles/cmTC_fd223.dir/src.c.o
/emsdk/upstream/emscripten/emcc -DC_FLAG_WUNDEF  -DJIT_PROD_BUILD=1 -DFLY_RELEASE_BUILD=1 -Wall -Wextra  -fPIE   -Wundef -MD -MT CMakeFiles/cmTC_fd223.dir/src.c.o -MF CMakeFiles/cmTC_fd223.dir/src.c.o.d -o CMakeFiles/cmTC_fd223.dir/src.c.o -c /work/webrcade/retrostash/flycast-wasm/source/build-wasm-prod/CMakeFiles/CMakeTmp/src.c
Linking C executable cmTC_fd223.js
/usr/bin/cmake -E cmake_link_script CMakeFiles/cmTC_fd223.dir/link.txt --verbose=1
/emsdk/upstream/emscripten/emcc -DJIT_PROD_BUILD=1 -DFLY_RELEASE_BUILD=1 -Wall -Wextra  @CMakeFiles/cmTC_fd223.dir/objects1.rsp -o cmTC_fd223.js 
gmake[1]: Leaving directory '/work/webrcade/retrostash/flycast-wasm/source/build-wasm-prod/CMakeFiles/CMakeTmp'


Source file was:
int main(void) { return 0; }
Performing C++ SOURCE FILE Test CXX_FLAG_WUNDEF succeeded with the following output:
Change Dir: /work/webrcade/retrostash/flycast-wasm/source/build-wasm-prod/CMakeFiles/CMakeTmp

Run Build Command(s):/usr/bin/gmake -f Makefile cmTC_15ba6/fast && /usr/bin/gmake  -f CMakeFiles/cmTC_15ba6.dir/build.make CMakeFiles/cmTC_15ba6.dir/build
gmake[1]: Entering directory '/work/webrcade/retrostash/flycast-wasm/source/build-wasm-prod/CMakeFiles/CMakeTmp'
Building CXX object CMakeFiles/cmTC_15ba6.dir/src.cxx.o
/emsdk/upstream/emscripten/em++ -DCXX_FLAG_WUNDEF  -DJIT_PROD_BUILD=1 -DFLY_RELEASE_BUILD=1 -Wall -Wextra  -fPIE   -Wundef -std=c++17 -MD -MT CMakeFiles/cmTC_15ba6.dir/src.cxx.o -MF CMakeFiles/cmTC_15ba6.dir/src.cxx.o.d -o CMakeFiles/cmTC_15ba6.dir/src.cxx.o -c /work/webrcade/retrostash/flycast-wasm/source/build-wasm-prod/CMakeFiles/CMakeTmp/src.cxx
Linking CXX executable cmTC_15ba6.js
/usr/bin/cmake -E cmake_link_script CMakeFiles/cmTC_15ba6.dir/link.txt --verbose=1
/emsdk/upstream/emscripten/em++ -DJIT_PROD_BUILD=1 -DFLY_RELEASE_BUILD=1 -Wall -Wextra  @CMakeFiles/cmTC_15ba6.dir/objects1.rsp -o cmTC_15ba6.js 
gmake[1]: Leaving directory '/work/webrcade/retrostash/flycast-wasm/source/build-wasm-prod/CMakeFiles/CMakeTmp'


Source file was:
int main() { return 0; }
Performing C SOURCE FILE Test C_FLAG_WSHADOW succeeded with the following output:
Change Dir: /work/webrcade/retrostash/flycast-wasm/source/build-wasm-prod/CMakeFiles/CMakeTmp

Run Build Command(s):/usr/bin/gmake -f Makefile cmTC_4c272/fast && /usr/bin/gmake  -f CMakeFiles/cmTC_4c272.dir/build.make CMakeFiles/cmTC_4c272.dir/build
gmake[1]: Entering directory '/work/webrcade/retrostash/flycast-wasm/source/build-wasm-prod/CMakeFiles/CMakeTmp'
Building C object CMakeFiles/cmTC_4c272.dir/src.c.o
/emsdk/upstream/emscripten/emcc -DC_FLAG_WSHADOW  -DJIT_PROD_BUILD=1 -DFLY_RELEASE_BUILD=1 -Wall -Wextra -Wundef  -fPIE   -Wshadow -MD -MT CMakeFiles/cmTC_4c272.dir/src.c.o -MF CMakeFiles/cmTC_4c272.dir/src.c.o.d -o CMakeFiles/cmTC_4c272.dir/src.c.o -c /work/webrcade/retrostash/flycast-wasm/source/build-wasm-prod/CMakeFiles/CMakeTmp/src.c
Linking C executable cmTC_4c272.js
/usr/bin/cmake -E cmake_link_script CMakeFiles/cmTC_4c272.dir/link.txt --verbose=1
/emsdk/upstream/emscripten/emcc -DJIT_PROD_BUILD=1 -DFLY_RELEASE_BUILD=1 -Wall -Wextra -Wundef  @CMakeFiles/cmTC_4c272.dir/objects1.rsp -o cmTC_4c272.js 
gmake[1]: Leaving directory '/work/webrcade/retrostash/flycast-wasm/source/build-wasm-prod/CMakeFiles/CMakeTmp'


Source file was:
int main(void) { return 0; }
Performing C++ SOURCE FILE Test CXX_FLAG_WSHADOW succeeded with the following output:
Change Dir: /work/webrcade/retrostash/flycast-wasm/source/build-wasm-prod/CMakeFiles/CMakeTmp

Run Build Command(s):/usr/bin/gmake -f Makefile cmTC_612b2/fast && /usr/bin/gmake  -f CMakeFiles/cmTC_612b2.dir/build.make CMakeFiles/cmTC_612b2.dir/build
gmake[1]: Entering directory '/work/webrcade/retrostash/flycast-wasm/source/build-wasm-prod/CMakeFiles/CMakeTmp'
Building CXX object CMakeFiles/cmTC_612b2.dir/src.cxx.o
/emsdk/upstream/emscripten/em++ -DCXX_FLAG_WSHADOW  -DJIT_PROD_BUILD=1 -DFLY_RELEASE_BUILD=1 -Wall -Wextra -Wundef  -fPIE   -Wshadow -std=c++17 -MD -MT CMakeFiles/cmTC_612b2.dir/src.cxx.o -MF CMakeFiles/cmTC_612b2.dir/src.cxx.o.d -o CMakeFiles/cmTC_612b2.dir/src.cxx.o -c /work/webrcade/retrostash/flycast-wasm/source/build-wasm-prod/CMakeFiles/CMakeTmp/src.cxx
Linking CXX executable cmTC_612b2.js
/usr/bin/cmake -E cmake_link_script CMakeFiles/cmTC_612b2.dir/link.txt --verbose=1
/emsdk/upstream/emscripten/em++ -DJIT_PROD_BUILD=1 -DFLY_RELEASE_BUILD=1 -Wall -Wextra -Wundef  @CMakeFiles/cmTC_612b2.dir/objects1.rsp -o cmTC_612b2.js 
gmake[1]: Leaving directory '/work/webrcade/retrostash/flycast-wasm/source/build-wasm-prod/CMakeFiles/CMakeTmp'


Source file was:
int main() { return 0; }
Performing C SOURCE FILE Test C_FLAG_WCAST_ALIGN succeeded with the following output:
Change Dir: /work/webrcade/retrostash/flycast-wasm/source/build-wasm-prod/CMakeFiles/CMakeTmp

Run Build Command(s):/usr/bin/gmake -f Makefile cmTC_23523/fast && /usr/bin/gmake  -f CMakeFiles/cmTC_23523.dir/build.make CMakeFiles/cmTC_23523.dir/build
gmake[1]: Entering directory '/work/webrcade/retrostash/flycast-wasm/source/build-wasm-prod/CMakeFiles/CMakeTmp'
Building C object CMakeFiles/cmTC_23523.dir/src.c.o
/emsdk/upstream/emscripten/emcc -DC_FLAG_WCAST_ALIGN  -DJIT_PROD_BUILD=1 -DFLY_RELEASE_BUILD=1 -Wall -Wextra -Wundef -Wshadow  -fPIE   -Wcast-align -MD -MT CMakeFiles/cmTC_23523.dir/src.c.o -MF CMakeFiles/cmTC_23523.dir/src.c.o.d -o CMakeFiles/cmTC_23523.dir/src.c.o -c /work/webrcade/retrostash/flycast-wasm/source/build-wasm-prod/CMakeFiles/CMakeTmp/src.c
Linking C executable cmTC_23523.js
/usr/bin/cmake -E cmake_link_script CMakeFiles/cmTC_23523.dir/link.txt --verbose=1
/emsdk/upstream/emscripten/emcc -DJIT_PROD_BUILD=1 -DFLY_RELEASE_BUILD=1 -Wall -Wextra -Wundef -Wshadow  @CMakeFiles/cmTC_23523.dir/objects1.rsp -o cmTC_23523.js 
gmake[1]: Leaving directory '/work/webrcade/retrostash/flycast-wasm/source/build-wasm-prod/CMakeFiles/CMakeTmp'


Source file was:
int main(void) { return 0; }
Performing C++ SOURCE FILE Test CXX_FLAG_WCAST_ALIGN succeeded with the following output:
Change Dir: /work/webrcade/retrostash/flycast-wasm/source/build-wasm-prod/CMakeFiles/CMakeTmp

Run Build Command(s):/usr/bin/gmake -f Makefile cmTC_bb718/fast && /usr/bin/gmake  -f CMakeFiles/cmTC_bb718.dir/build.make CMakeFiles/cmTC_bb718.dir/build
gmake[1]: Entering directory '/work/webrcade/retrostash/flycast-wasm/source/build-wasm-prod/CMakeFiles/CMakeTmp'
Building CXX object CMakeFiles/cmTC_bb718.dir/src.cxx.o
/emsdk/upstream/emscripten/em++ -DCXX_FLAG_WCAST_ALIGN  -DJIT_PROD_BUILD=1 -DFLY_RELEASE_BUILD=1 -Wall -Wextra -Wundef -Wshadow  -fPIE   -Wcast-align -std=c++17 -MD -MT CMakeFiles/cmTC_bb718.dir/src.cxx.o -MF CMakeFiles/cmTC_bb718.dir/src.cxx.o.d -o CMakeFiles/cmTC_bb718.dir/src.cxx.o -c /work/webrcade/retrostash/flycast-wasm/source/build-wasm-prod/CMakeFiles/CMakeTmp/src.cxx
Linking CXX executable cmTC_bb718.js
/usr/bin/cmake -E cmake_link_script CMakeFiles/cmTC_bb718.dir/link.txt --verbose=1
/emsdk/upstream/emscripten/em++ -DJIT_PROD_BUILD=1 -DFLY_RELEASE_BUILD=1 -Wall -Wextra -Wundef -Wshadow  @CMakeFiles/cmTC_bb718.dir/objects1.rsp -o cmTC_bb718.js 
gmake[1]: Leaving directory '/work/webrcade/retrostash/flycast-wasm/source/build-wasm-prod/CMakeFiles/CMakeTmp'


Source file was:
int main() { return 0; }
Performing C SOURCE FILE Test C_FLAG_WCAST_QUAL succeeded with the following output:
Change Dir: /work/webrcade/retrostash/flycast-wasm/source/build-wasm-prod/CMakeFiles/CMakeTmp

Run Build Command(s):/usr/bin/gmake -f Makefile cmTC_31b9a/fast && /usr/bin/gmake  -f CMakeFiles/cmTC_31b9a.dir/build.make CMakeFiles/cmTC_31b9a.dir/build
gmake[1]: Entering directory '/work/webrcade/retrostash/flycast-wasm/source/build-wasm-prod/CMakeFiles/CMakeTmp'
Building C object CMakeFiles/cmTC_31b9a.dir/src.c.o
/emsdk/upstream/emscripten/emcc -DC_FLAG_WCAST_QUAL  -DJIT_PROD_BUILD=1 -DFLY_RELEASE_BUILD=1 -Wall -Wextra -Wundef -Wshadow -Wcast-align  -fPIE   -Wcast-qual -MD -MT CMakeFiles/cmTC_31b9a.dir/src.c.o -MF CMakeFiles/cmTC_31b9a.dir/src.c.o.d -o CMakeFiles/cmTC_31b9a.dir/src.c.o -c /work/webrcade/retrostash/flycast-wasm/source/build-wasm-prod/CMakeFiles/CMakeTmp/src.c
Linking C executable cmTC_31b9a.js
/usr/bin/cmake -E cmake_link_script CMakeFiles/cmTC_31b9a.dir/link.txt --verbose=1
/emsdk/upstream/emscripten/emcc -DJIT_PROD_BUILD=1 -DFLY_RELEASE_BUILD=1 -Wall -Wextra -Wundef -Wshadow -Wcast-align  @CMakeFiles/cmTC_31b9a.dir/objects1.rsp -o cmTC_31b9a.js 
gmake[1]: Leaving directory '/work/webrcade/retrostash/flycast-wasm/source/build-wasm-prod/CMakeFiles/CMakeTmp'


Source file was:
int main(void) { return 0; }
Performing C++ SOURCE FILE Test CXX_FLAG_WCAST_QUAL succeeded with the following output:
Change Dir: /work/webrcade/retrostash/flycast-wasm/source/build-wasm-prod/CMakeFiles/CMakeTmp

Run Build Command(s):/usr/bin/gmake -f Makefile cmTC_e8f47/fast && /usr/bin/gmake  -f CMakeFiles/cmTC_e8f47.dir/build.make CMakeFiles/cmTC_e8f47.dir/build
gmake[1]: Entering directory '/work/webrcade/retrostash/flycast-wasm/source/build-wasm-prod/CMakeFiles/CMakeTmp'
Building CXX object CMakeFiles/cmTC_e8f47.dir/src.cxx.o
/emsdk/upstream/emscripten/em++ -DCXX_FLAG_WCAST_QUAL  -DJIT_PROD_BUILD=1 -DFLY_RELEASE_BUILD=1 -Wall -Wextra -Wundef -Wshadow -Wcast-align  -fPIE   -Wcast-qual -std=c++17 -MD -MT CMakeFiles/cmTC_e8f47.dir/src.cxx.o -MF CMakeFiles/cmTC_e8f47.dir/src.cxx.o.d -o CMakeFiles/cmTC_e8f47.dir/src.cxx.o -c /work/webrcade/retrostash/flycast-wasm/source/build-wasm-prod/CMakeFiles/CMakeTmp/src.cxx
Linking CXX executable cmTC_e8f47.js
/usr/bin/cmake -E cmake_link_script CMakeFiles/cmTC_e8f47.dir/link.txt --verbose=1
/emsdk/upstream/emscripten/em++ -DJIT_PROD_BUILD=1 -DFLY_RELEASE_BUILD=1 -Wall -Wextra -Wundef -Wshadow -Wcast-align  @CMakeFiles/cmTC_e8f47.dir/objects1.rsp -o cmTC_e8f47.js 
gmake[1]: Leaving directory '/work/webrcade/retrostash/flycast-wasm/source/build-wasm-prod/CMakeFiles/CMakeTmp'


Source file was:
int main() { return 0; }
Performing C SOURCE FILE Test C_FLAG_WSTRICT_PROTOTYPES succeeded with the following output:
Change Dir: /work/webrcade/retrostash/flycast-wasm/source/build-wasm-prod/CMakeFiles/CMakeTmp

Run Build Command(s):/usr/bin/gmake -f Makefile cmTC_c50b7/fast && /usr/bin/gmake  -f CMakeFiles/cmTC_c50b7.dir/build.make CMakeFiles/cmTC_c50b7.dir/build
gmake[1]: Entering directory '/work/webrcade/retrostash/flycast-wasm/source/build-wasm-prod/CMakeFiles/CMakeTmp'
Building C object CMakeFiles/cmTC_c50b7.dir/src.c.o
/emsdk/upstream/emscripten/emcc -DC_FLAG_WSTRICT_PROTOTYPES  -DJIT_PROD_BUILD=1 -DFLY_RELEASE_BUILD=1 -Wall -Wextra -Wundef -Wshadow -Wcast-align -Wcast-qual  -fPIE   -Wstrict-prototypes -MD -MT CMakeFiles/cmTC_c50b7.dir/src.c.o -MF CMakeFiles/cmTC_c50b7.dir/src.c.o.d -o CMakeFiles/cmTC_c50b7.dir/src.c.o -c /work/webrcade/retrostash/flycast-wasm/source/build-wasm-prod/CMakeFiles/CMakeTmp/src.c
Linking C executable cmTC_c50b7.js
/usr/bin/cmake -E cmake_link_script CMakeFiles/cmTC_c50b7.dir/link.txt --verbose=1
/emsdk/upstream/emscripten/emcc -DJIT_PROD_BUILD=1 -DFLY_RELEASE_BUILD=1 -Wall -Wextra -Wundef -Wshadow -Wcast-align -Wcast-qual  @CMakeFiles/cmTC_c50b7.dir/objects1.rsp -o cmTC_c50b7.js 
gmake[1]: Leaving directory '/work/webrcade/retrostash/flycast-wasm/source/build-wasm-prod/CMakeFiles/CMakeTmp'


Source file was:
int main(void) { return 0; }
Performing C SOURCE FILE Test LD_FLAG_Z_NOEXECSTACK succeeded with the following output:
Change Dir: /work/webrcade/retrostash/flycast-wasm/source/build-wasm-prod/CMakeFiles/CMakeTmp

Run Build Command(s):/usr/bin/gmake -f Makefile cmTC_cb3ba/fast && /usr/bin/gmake  -f CMakeFiles/cmTC_cb3ba.dir/build.make CMakeFiles/cmTC_cb3ba.dir/build
gmake[1]: Entering directory '/work/webrcade/retrostash/flycast-wasm/source/build-wasm-prod/CMakeFiles/CMakeTmp'
Building C object CMakeFiles/cmTC_cb3ba.dir/src.c.o
/emsdk/upstream/emscripten/emcc -DLD_FLAG_Z_NOEXECSTACK  -DJIT_PROD_BUILD=1 -DFLY_RELEASE_BUILD=1 -Wall -Wextra -Wundef -Wshadow -Wcast-align -Wcast-qual -Wstrict-prototypes  -fPIE -MD -MT CMakeFiles/cmTC_cb3ba.dir/src.c.o -MF CMakeFiles/cmTC_cb3ba.dir/src.c.o.d -o CMakeFiles/cmTC_cb3ba.dir/src.c.o -c /work/webrcade/retrostash/flycast-wasm/source/build-wasm-prod/CMakeFiles/CMakeTmp/src.c
/work/webrcade/retrostash/flycast-wasm/source/build-wasm-prod/CMakeFiles/CMakeTmp/src.c:1:9: warning: a function declaration without a prototype is deprecated in all versions of C [-Wstrict-prototypes]
    1 | int main() { return 0; }
      |         ^
      |          void
1 warning generated.
Linking C executable cmTC_cb3ba.js
/usr/bin/cmake -E cmake_link_script CMakeFiles/cmTC_cb3ba.dir/link.txt --verbose=1
/emsdk/upstream/emscripten/emcc -DJIT_PROD_BUILD=1 -DFLY_RELEASE_BUILD=1 -Wall -Wextra -Wundef -Wshadow -Wcast-align -Wcast-qual -Wstrict-prototypes  "-z noexecstack" @CMakeFiles/cmTC_cb3ba.dir/objects1.rsp -o cmTC_cb3ba.js 
wasm-ld: warning: unknown -z value:  noexecstack
gmake[1]: Leaving directory '/work/webrcade/retrostash/flycast-wasm/source/build-wasm-prod/CMakeFiles/CMakeTmp'


Source file was:
int main() { return 0; }
Performing C SOURCE FILE Test C_FLAG_QUNUSED_ARGUMENTS succeeded with the following output:
Change Dir: /work/webrcade/retrostash/flycast-wasm/source/build-wasm-prod/CMakeFiles/CMakeTmp

Run Build Command(s):/usr/bin/gmake -f Makefile cmTC_03bb4/fast && /usr/bin/gmake  -f CMakeFiles/cmTC_03bb4.dir/build.make CMakeFiles/cmTC_03bb4.dir/build
gmake[1]: Entering directory '/work/webrcade/retrostash/flycast-wasm/source/build-wasm-prod/CMakeFiles/CMakeTmp'
Building C object CMakeFiles/cmTC_03bb4.dir/src.c.o
/emsdk/upstream/emscripten/emcc -DC_FLAG_QUNUSED_ARGUMENTS  -DJIT_PROD_BUILD=1 -DFLY_RELEASE_BUILD=1 -Wall -Wextra -Wundef -Wshadow -Wcast-align -Wcast-qual -Wstrict-prototypes  -fPIE   -Qunused-arguments -MD -MT CMakeFiles/cmTC_03bb4.dir/src.c.o -MF CMakeFiles/cmTC_03bb4.dir/src.c.o.d -o CMakeFiles/cmTC_03bb4.dir/src.c.o -c /work/webrcade/retrostash/flycast-wasm/source/build-wasm-prod/CMakeFiles/CMakeTmp/src.c
Linking C executable cmTC_03bb4.js
/usr/bin/cmake -E cmake_link_script CMakeFiles/cmTC_03bb4.dir/link.txt --verbose=1
/emsdk/upstream/emscripten/emcc -DJIT_PROD_BUILD=1 -DFLY_RELEASE_BUILD=1 -Wall -Wextra -Wundef -Wshadow -Wcast-align -Wcast-qual -Wstrict-prototypes   -z noexecstack  @CMakeFiles/cmTC_03bb4.dir/objects1.rsp -o cmTC_03bb4.js 
wasm-ld: warning: unknown -z value: noexecstack
gmake[1]: Leaving directory '/work/webrcade/retrostash/flycast-wasm/source/build-wasm-prod/CMakeFiles/CMakeTmp'


Source file was:
int main(void) { return 0; }
Performing C++ SOURCE FILE Test CXX_FLAG_QUNUSED_ARGUMENTS succeeded with the following output:
Change Dir: /work/webrcade/retrostash/flycast-wasm/source/build-wasm-prod/CMakeFiles/CMakeTmp

Run Build Command(s):/usr/bin/gmake -f Makefile cmTC_c285b/fast && /usr/bin/gmake  -f CMakeFiles/cmTC_c285b.dir/build.make CMakeFiles/cmTC_c285b.dir/build
gmake[1]: Entering directory '/work/webrcade/retrostash/flycast-wasm/source/build-wasm-prod/CMakeFiles/CMakeTmp'
Building CXX object CMakeFiles/cmTC_c285b.dir/src.cxx.o
/emsdk/upstream/emscripten/em++ -DCXX_FLAG_QUNUSED_ARGUMENTS  -DJIT_PROD_BUILD=1 -DFLY_RELEASE_BUILD=1 -Wall -Wextra -Wundef -Wshadow -Wcast-align -Wcast-qual  -fPIE   -Qunused-arguments -std=c++17 -MD -MT CMakeFiles/cmTC_c285b.dir/src.cxx.o -MF CMakeFiles/cmTC_c285b.dir/src.cxx.o.d -o CMakeFiles/cmTC_c285b.dir/src.cxx.o -c /work/webrcade/retrostash/flycast-wasm/source/build-wasm-prod/CMakeFiles/CMakeTmp/src.cxx
Linking CXX executable cmTC_c285b.js
/usr/bin/cmake -E cmake_link_script CMakeFiles/cmTC_c285b.dir/link.txt --verbose=1
/emsdk/upstream/emscripten/em++ -DJIT_PROD_BUILD=1 -DFLY_RELEASE_BUILD=1 -Wall -Wextra -Wundef -Wshadow -Wcast-align -Wcast-qual   -z noexecstack  @CMakeFiles/cmTC_c285b.dir/objects1.rsp -o cmTC_c285b.js 
wasm-ld: warning: unknown -z value: noexecstack
gmake[1]: Leaving directory '/work/webrcade/retrostash/flycast-wasm/source/build-wasm-prod/CMakeFiles/CMakeTmp'


Source file was:
int main() { return 0; }
Performing C SOURCE FILE Test C_FLAG_WA_NOEXECSTACK succeeded with the following output:
Change Dir: /work/webrcade/retrostash/flycast-wasm/source/build-wasm-prod/CMakeFiles/CMakeTmp

Run Build Command(s):/usr/bin/gmake -f Makefile cmTC_b4e4c/fast && /usr/bin/gmake  -f CMakeFiles/cmTC_b4e4c.dir/build.make CMakeFiles/cmTC_b4e4c.dir/build
gmake[1]: Entering directory '/work/webrcade/retrostash/flycast-wasm/source/build-wasm-prod/CMakeFiles/CMakeTmp'
Building C object CMakeFiles/cmTC_b4e4c.dir/src.c.o
/emsdk/upstream/emscripten/emcc -DC_FLAG_WA_NOEXECSTACK  -DJIT_PROD_BUILD=1 -DFLY_RELEASE_BUILD=1 -Wall -Wextra -Wundef -Wshadow -Wcast-align -Wcast-qual -Wstrict-prototypes -Qunused-arguments  -fPIE   -Wa,--noexecstack -MD -MT CMakeFiles/cmTC_b4e4c.dir/src.c.o -MF CMakeFiles/cmTC_b4e4c.dir/src.c.o.d -o CMakeFiles/cmTC_b4e4c.dir/src.c.o -c /work/webrcade/retrostash/flycast-wasm/source/build-wasm-prod/CMakeFiles/CMakeTmp/src.c
Linking C executable cmTC_b4e4c.js
/usr/bin/cmake -E cmake_link_script CMakeFiles/cmTC_b4e4c.dir/link.txt --verbose=1
/emsdk/upstream/emscripten/emcc -DJIT_PROD_BUILD=1 -DFLY_RELEASE_BUILD=1 -Wall -Wextra -Wundef -Wshadow -Wcast-align -Wcast-qual -Wstrict-prototypes -Qunused-arguments   -z noexecstack  @CMakeFiles/cmTC_b4e4c.dir/objects1.rsp -o cmTC_b4e4c.js 
wasm-ld: warning: unknown -z value: noexecstack
gmake[1]: Leaving directory '/work/webrcade/retrostash/flycast-wasm/source/build-wasm-prod/CMakeFiles/CMakeTmp'


Source file was:
int main(void) { return 0; }
Performing C++ SOURCE FILE Test CXX_FLAG_WA_NOEXECSTACK succeeded with the following output:
Change Dir: /work/webrcade/retrostash/flycast-wasm/source/build-wasm-prod/CMakeFiles/CMakeTmp

Run Build Command(s):/usr/bin/gmake -f Makefile cmTC_3a540/fast && /usr/bin/gmake  -f CMakeFiles/cmTC_3a540.dir/build.make CMakeFiles/cmTC_3a540.dir/build
gmake[1]: Entering directory '/work/webrcade/retrostash/flycast-wasm/source/build-wasm-prod/CMakeFiles/CMakeTmp'
Building CXX object CMakeFiles/cmTC_3a540.dir/src.cxx.o
/emsdk/upstream/emscripten/em++ -DCXX_FLAG_WA_NOEXECSTACK  -DJIT_PROD_BUILD=1 -DFLY_RELEASE_BUILD=1 -Wall -Wextra -Wundef -Wshadow -Wcast-align -Wcast-qual -Qunused-arguments  -fPIE   -Wa,--noexecstack -std=c++17 -MD -MT CMakeFiles/cmTC_3a540.dir/src.cxx.o -MF CMakeFiles/cmTC_3a540.dir/src.cxx.o.d -o CMakeFiles/cmTC_3a540.dir/src.cxx.o -c /work/webrcade/retrostash/flycast-wasm/source/build-wasm-prod/CMakeFiles/CMakeTmp/src.cxx
Linking CXX executable cmTC_3a540.js
/usr/bin/cmake -E cmake_link_script CMakeFiles/cmTC_3a540.dir/link.txt --verbose=1
/emsdk/upstream/emscripten/em++ -DJIT_PROD_BUILD=1 -DFLY_RELEASE_BUILD=1 -Wall -Wextra -Wundef -Wshadow -Wcast-align -Wcast-qual -Qunused-arguments   -z noexecstack  @CMakeFiles/cmTC_3a540.dir/objects1.rsp -o cmTC_3a540.js 
wasm-ld: warning: unknown -z value: noexecstack
gmake[1]: Leaving directory '/work/webrcade/retrostash/flycast-wasm/source/build-wasm-prod/CMakeFiles/CMakeTmp'


Source file was:
int main() { return 0; }
Performing C SOURCE FILE Test CMAKE_HAVE_LIBC_PTHREAD succeeded with the following output:
Change Dir: /work/webrcade/retrostash/flycast-wasm/source/build-wasm-prod/CMakeFiles/CMakeTmp

Run Build Command(s):/usr/bin/gmake -f Makefile cmTC_7b2c3/fast && /usr/bin/gmake  -f CMakeFiles/cmTC_7b2c3.dir/build.make CMakeFiles/cmTC_7b2c3.dir/build
gmake[1]: Entering directory '/work/webrcade/retrostash/flycast-wasm/source/build-wasm-prod/CMakeFiles/CMakeTmp'
Building C object CMakeFiles/cmTC_7b2c3.dir/src.c.o
/emsdk/upstream/emscripten/emcc -DCMAKE_HAVE_LIBC_PTHREAD  -DJIT_PROD_BUILD=1 -DFLY_RELEASE_BUILD=1 -Wall -Wextra -Wundef -Wshadow -Wcast-align -Wcast-qual -Wstrict-prototypes -Qunused-arguments -Wa,--noexecstack  -fPIE -MD -MT CMakeFiles/cmTC_7b2c3.dir/src.c.o -MF CMakeFiles/cmTC_7b2c3.dir/src.c.o.d -o CMakeFiles/cmTC_7b2c3.dir/src.c.o -c /work/webrcade/retrostash/flycast-wasm/source/build-wasm-prod/CMakeFiles/CMakeTmp/src.c
Linking C executable cmTC_7b2c3.js
/usr/bin/cmake -E cmake_link_script CMakeFiles/cmTC_7b2c3.dir/link.txt --verbose=1
/emsdk/upstream/emscripten/emcc -DJIT_PROD_BUILD=1 -DFLY_RELEASE_BUILD=1 -Wall -Wextra -Wundef -Wshadow -Wcast-align -Wcast-qual -Wstrict-prototypes -Qunused-arguments -Wa,--noexecstack   -z noexecstack  @CMakeFiles/cmTC_7b2c3.dir/objects1.rsp -o cmTC_7b2c3.js 
wasm-ld: warning: unknown -z value: noexecstack
gmake[1]: Leaving directory '/work/webrcade/retrostash/flycast-wasm/source/build-wasm-prod/CMakeFiles/CMakeTmp'


Source file was:
#include <pthread.h>

static void* test_func(void* data)
{
  return data;
}

int main(void)
{
  pthread_t thread;
  pthread_create(&thread, NULL, test_func, NULL);
  pthread_detach(thread);
  pthread_cancel(thread);
  pthread_join(thread, NULL);
  pthread_atfork(NULL, NULL, NULL);
  pthread_exit(NULL);

  return 0;
}

Performing C++ SOURCE FILE Test NOWIDE_HAS_LFS succeeded with the following output:
Change Dir: /work/webrcade/retrostash/flycast-wasm/source/build-wasm-prod/CMakeFiles/CMakeTmp

Run Build Command(s):/usr/bin/gmake -f Makefile cmTC_f27a3/fast && /usr/bin/gmake  -f CMakeFiles/cmTC_f27a3.dir/build.make CMakeFiles/cmTC_f27a3.dir/build
gmake[1]: Entering directory '/work/webrcade/retrostash/flycast-wasm/source/build-wasm-prod/CMakeFiles/CMakeTmp'
Building CXX object CMakeFiles/cmTC_f27a3.dir/src.cxx.o
/emsdk/upstream/emscripten/em++ -DNOWIDE_HAS_LFS  -DJIT_PROD_BUILD=1 -DFLY_RELEASE_BUILD=1  -fPIE -std=c++17 -MD -MT CMakeFiles/cmTC_f27a3.dir/src.cxx.o -MF CMakeFiles/cmTC_f27a3.dir/src.cxx.o.d -o CMakeFiles/cmTC_f27a3.dir/src.cxx.o -c /work/webrcade/retrostash/flycast-wasm/source/build-wasm-prod/CMakeFiles/CMakeTmp/src.cxx
Linking CXX executable cmTC_f27a3.js
/usr/bin/cmake -E cmake_link_script CMakeFiles/cmTC_f27a3.dir/link.txt --verbose=1
/emsdk/upstream/emscripten/em++ -DJIT_PROD_BUILD=1 -DFLY_RELEASE_BUILD=1  @CMakeFiles/cmTC_f27a3.dir/objects1.rsp -o cmTC_f27a3.js 
gmake[1]: Leaving directory '/work/webrcade/retrostash/flycast-wasm/source/build-wasm-prod/CMakeFiles/CMakeTmp'


Source file was:
//
// Copyright (c) 2020 Alexander Grund
//
// Distributed under the Boost Software License, Version 1.0.
// https://www.boost.org/LICENSE_1_0.txt

#define _LARGEFILE_SOURCE
#ifndef _FILE_OFFSET_BITS
#define _FILE_OFFSET_BITS 64
#endif

#include <stdio.h>

void check(FILE* f)
{
#if defined(_WIN32) && !defined(__CYGWIN__) && !defined(__MINGW32__)
    (void)_fseeki64(f, 0, SEEK_CUR);
    (void)_ftelli64(f);
#else
    // Check that those functions and off_t are available
    (void)fseeko(f, off_t(0), SEEK_CUR);
    (void)ftello(f);
#endif
}

int main()
{
    check(nullptr);
}

Performing C++ SOURCE FILE Test NOWIDE_HAS_INIT_PRIORITY succeeded with the following output:
Change Dir: /work/webrcade/retrostash/flycast-wasm/source/build-wasm-prod/CMakeFiles/CMakeTmp

Run Build Command(s):/usr/bin/gmake -f Makefile cmTC_ad5ed/fast && /usr/bin/gmake  -f CMakeFiles/cmTC_ad5ed.dir/build.make CMakeFiles/cmTC_ad5ed.dir/build
gmake[1]: Entering directory '/work/webrcade/retrostash/flycast-wasm/source/build-wasm-prod/CMakeFiles/CMakeTmp'
Building CXX object CMakeFiles/cmTC_ad5ed.dir/src.cxx.o
/emsdk/upstream/emscripten/em++ -DNOWIDE_HAS_INIT_PRIORITY  -DJIT_PROD_BUILD=1 -DFLY_RELEASE_BUILD=1  -fPIE -std=c++17 -MD -MT CMakeFiles/cmTC_ad5ed.dir/src.cxx.o -MF CMakeFiles/cmTC_ad5ed.dir/src.cxx.o.d -o CMakeFiles/cmTC_ad5ed.dir/src.cxx.o -c /work/webrcade/retrostash/flycast-wasm/source/build-wasm-prod/CMakeFiles/CMakeTmp/src.cxx
Linking CXX executable cmTC_ad5ed.js
/usr/bin/cmake -E cmake_link_script CMakeFiles/cmTC_ad5ed.dir/link.txt --verbose=1
/emsdk/upstream/emscripten/em++ -DJIT_PROD_BUILD=1 -DFLY_RELEASE_BUILD=1  @CMakeFiles/cmTC_ad5ed.dir/objects1.rsp -o cmTC_ad5ed.js 
gmake[1]: Leaving directory '/work/webrcade/retrostash/flycast-wasm/source/build-wasm-prod/CMakeFiles/CMakeTmp'


Source file was:
// Copyright (c) 2021 Alexander Grund
//
// Distributed under the Boost Software License, Version 1.0.
// https://www.boost.org/LICENSE_1_0.txt

class Foo
{};

Foo foo __attribute__((init_priority(101)));

int main()
{
    return 0;
}

Determining if the function explicit_bzero exists passed with the following output:
Change Dir: /work/webrcade/retrostash/flycast-wasm/source/build-wasm-prod/CMakeFiles/CMakeTmp

Run Build Command(s):/usr/bin/gmake -f Makefile cmTC_1b95d/fast && /usr/bin/gmake  -f CMakeFiles/cmTC_1b95d.dir/build.make CMakeFiles/cmTC_1b95d.dir/build
gmake[1]: Entering directory '/work/webrcade/retrostash/flycast-wasm/source/build-wasm-prod/CMakeFiles/CMakeTmp'
Building C object CMakeFiles/cmTC_1b95d.dir/CheckFunctionExists.c.o
/emsdk/upstream/emscripten/emcc -D__STDC_WANT_LIB_EXT1__=1  -DJIT_PROD_BUILD=1 -DFLY_RELEASE_BUILD=1 -DCHECK_FUNCTION_EXISTS=explicit_bzero -fPIE -MD -MT CMakeFiles/cmTC_1b95d.dir/CheckFunctionExists.c.o -MF CMakeFiles/cmTC_1b95d.dir/CheckFunctionExists.c.o.d -o CMakeFiles/cmTC_1b95d.dir/CheckFunctionExists.c.o -c /usr/share/cmake-3.22/Modules/CheckFunctionExists.c
Linking C executable cmTC_1b95d.js
/usr/bin/cmake -E cmake_link_script CMakeFiles/cmTC_1b95d.dir/link.txt --verbose=1
/emsdk/upstream/emscripten/emcc -DJIT_PROD_BUILD=1 -DFLY_RELEASE_BUILD=1 -DCHECK_FUNCTION_EXISTS=explicit_bzero @CMakeFiles/cmTC_1b95d.dir/objects1.rsp -o cmTC_1b95d.js 
wasm-ld: warning: function signature mismatch: explicit_bzero
>>> defined as () -> i32 in CMakeFiles/cmTC_1b95d.dir/CheckFunctionExists.c.o
>>> defined as (i32, i32) -> void in /emsdk/upstream/emscripten/cache/sysroot/lib/wasm32-emscripten/libc-debug.a(explicit_bzero.o)
gmake[1]: Leaving directory '/work/webrcade/retrostash/flycast-wasm/source/build-wasm-prod/CMakeFiles/CMakeTmp'



Determining if the function fchmod exists passed with the following output:
Change Dir: /work/webrcade/retrostash/flycast-wasm/source/build-wasm-prod/CMakeFiles/CMakeTmp

Run Build Command(s):/usr/bin/gmake -f Makefile cmTC_8c943/fast && /usr/bin/gmake  -f CMakeFiles/cmTC_8c943.dir/build.make CMakeFiles/cmTC_8c943.dir/build
gmake[1]: Entering directory '/work/webrcade/retrostash/flycast-wasm/source/build-wasm-prod/CMakeFiles/CMakeTmp'
Building C object CMakeFiles/cmTC_8c943.dir/CheckFunctionExists.c.o
/emsdk/upstream/emscripten/emcc -D__STDC_WANT_LIB_EXT1__=1  -DJIT_PROD_BUILD=1 -DFLY_RELEASE_BUILD=1 -DCHECK_FUNCTION_EXISTS=fchmod -fPIE -MD -MT CMakeFiles/cmTC_8c943.dir/CheckFunctionExists.c.o -MF CMakeFiles/cmTC_8c943.dir/CheckFunctionExists.c.o.d -o CMakeFiles/cmTC_8c943.dir/CheckFunctionExists.c.o -c /usr/share/cmake-3.22/Modules/CheckFunctionExists.c
Linking C executable cmTC_8c943.js
/usr/bin/cmake -E cmake_link_script CMakeFiles/cmTC_8c943.dir/link.txt --verbose=1
/emsdk/upstream/emscripten/emcc -DJIT_PROD_BUILD=1 -DFLY_RELEASE_BUILD=1 -DCHECK_FUNCTION_EXISTS=fchmod @CMakeFiles/cmTC_8c943.dir/objects1.rsp -o cmTC_8c943.js 
wasm-ld: warning: function signature mismatch: fchmod
>>> defined as () -> i32 in CMakeFiles/cmTC_8c943.dir/CheckFunctionExists.c.o
>>> defined as (i32, i32) -> i32 in /emsdk/upstream/emscripten/cache/sysroot/lib/wasm32-emscripten/libc-debug.a(fchmod.o)
gmake[1]: Leaving directory '/work/webrcade/retrostash/flycast-wasm/source/build-wasm-prod/CMakeFiles/CMakeTmp'



Determining if the function fileno exists passed with the following output:
Change Dir: /work/webrcade/retrostash/flycast-wasm/source/build-wasm-prod/CMakeFiles/CMakeTmp

Run Build Command(s):/usr/bin/gmake -f Makefile cmTC_08cb7/fast && /usr/bin/gmake  -f CMakeFiles/cmTC_08cb7.dir/build.make CMakeFiles/cmTC_08cb7.dir/build
gmake[1]: Entering directory '/work/webrcade/retrostash/flycast-wasm/source/build-wasm-prod/CMakeFiles/CMakeTmp'
Building C object CMakeFiles/cmTC_08cb7.dir/CheckFunctionExists.c.o
/emsdk/upstream/emscripten/emcc -D__STDC_WANT_LIB_EXT1__=1  -DJIT_PROD_BUILD=1 -DFLY_RELEASE_BUILD=1 -DCHECK_FUNCTION_EXISTS=fileno -fPIE -MD -MT CMakeFiles/cmTC_08cb7.dir/CheckFunctionExists.c.o -MF CMakeFiles/cmTC_08cb7.dir/CheckFunctionExists.c.o.d -o CMakeFiles/cmTC_08cb7.dir/CheckFunctionExists.c.o -c /usr/share/cmake-3.22/Modules/CheckFunctionExists.c
Linking C executable cmTC_08cb7.js
/usr/bin/cmake -E cmake_link_script CMakeFiles/cmTC_08cb7.dir/link.txt --verbose=1
/emsdk/upstream/emscripten/emcc -DJIT_PROD_BUILD=1 -DFLY_RELEASE_BUILD=1 -DCHECK_FUNCTION_EXISTS=fileno @CMakeFiles/cmTC_08cb7.dir/objects1.rsp -o cmTC_08cb7.js 
wasm-ld: warning: function signature mismatch: fileno
>>> defined as () -> i32 in CMakeFiles/cmTC_08cb7.dir/CheckFunctionExists.c.o
>>> defined as (i32) -> i32 in /emsdk/upstream/emscripten/cache/sysroot/lib/wasm32-emscripten/libc-debug.a(fileno.o)
gmake[1]: Leaving directory '/work/webrcade/retrostash/flycast-wasm/source/build-wasm-prod/CMakeFiles/CMakeTmp'



Determining if the function ftello exists passed with the following output:
Change Dir: /work/webrcade/retrostash/flycast-wasm/source/build-wasm-prod/CMakeFiles/CMakeTmp

Run Build Command(s):/usr/bin/gmake -f Makefile cmTC_d5750/fast && /usr/bin/gmake  -f CMakeFiles/cmTC_d5750.dir/build.make CMakeFiles/cmTC_d5750.dir/build
gmake[1]: Entering directory '/work/webrcade/retrostash/flycast-wasm/source/build-wasm-prod/CMakeFiles/CMakeTmp'
Building C object CMakeFiles/cmTC_d5750.dir/CheckFunctionExists.c.o
/emsdk/upstream/emscripten/emcc -D__STDC_WANT_LIB_EXT1__=1  -DJIT_PROD_BUILD=1 -DFLY_RELEASE_BUILD=1 -DCHECK_FUNCTION_EXISTS=ftello -fPIE -MD -MT CMakeFiles/cmTC_d5750.dir/CheckFunctionExists.c.o -MF CMakeFiles/cmTC_d5750.dir/CheckFunctionExists.c.o.d -o CMakeFiles/cmTC_d5750.dir/CheckFunctionExists.c.o -c /usr/share/cmake-3.22/Modules/CheckFunctionExists.c
Linking C executable cmTC_d5750.js
/usr/bin/cmake -E cmake_link_script CMakeFiles/cmTC_d5750.dir/link.txt --verbose=1
/emsdk/upstream/emscripten/emcc -DJIT_PROD_BUILD=1 -DFLY_RELEASE_BUILD=1 -DCHECK_FUNCTION_EXISTS=ftello @CMakeFiles/cmTC_d5750.dir/objects1.rsp -o cmTC_d5750.js 
wasm-ld: warning: function signature mismatch: ftello
>>> defined as () -> i32 in CMakeFiles/cmTC_d5750.dir/CheckFunctionExists.c.o
>>> defined as (i32) -> i64 in /emsdk/upstream/emscripten/cache/sysroot/lib/wasm32-emscripten/libc-debug.a(ftell.o)
gmake[1]: Leaving directory '/work/webrcade/retrostash/flycast-wasm/source/build-wasm-prod/CMakeFiles/CMakeTmp'



Determining if the localtime_r exist passed with the following output:
Change Dir: /work/webrcade/retrostash/flycast-wasm/source/build-wasm-prod/CMakeFiles/CMakeTmp

Run Build Command(s):/usr/bin/gmake -f Makefile cmTC_51dd8/fast && /usr/bin/gmake  -f CMakeFiles/cmTC_51dd8.dir/build.make CMakeFiles/cmTC_51dd8.dir/build
gmake[1]: Entering directory '/work/webrcade/retrostash/flycast-wasm/source/build-wasm-prod/CMakeFiles/CMakeTmp'
Building C object CMakeFiles/cmTC_51dd8.dir/CheckSymbolExists.c.o
/emsdk/upstream/emscripten/emcc -D__STDC_WANT_LIB_EXT1__=1  -DJIT_PROD_BUILD=1 -DFLY_RELEASE_BUILD=1  -fPIE -MD -MT CMakeFiles/cmTC_51dd8.dir/CheckSymbolExists.c.o -MF CMakeFiles/cmTC_51dd8.dir/CheckSymbolExists.c.o.d -o CMakeFiles/cmTC_51dd8.dir/CheckSymbolExists.c.o -c /work/webrcade/retrostash/flycast-wasm/source/build-wasm-prod/CMakeFiles/CMakeTmp/CheckSymbolExists.c
Linking C executable cmTC_51dd8.js
/usr/bin/cmake -E cmake_link_script CMakeFiles/cmTC_51dd8.dir/link.txt --verbose=1
/emsdk/upstream/emscripten/emcc -DJIT_PROD_BUILD=1 -DFLY_RELEASE_BUILD=1  @CMakeFiles/cmTC_51dd8.dir/objects1.rsp -o cmTC_51dd8.js 
gmake[1]: Leaving directory '/work/webrcade/retrostash/flycast-wasm/source/build-wasm-prod/CMakeFiles/CMakeTmp'


File /work/webrcade/retrostash/flycast-wasm/source/build-wasm-prod/CMakeFiles/CMakeTmp/CheckSymbolExists.c:
/* */
#include <time.h>

int main(int argc, char** argv)
{
  (void)argv;
#ifndef localtime_r
  return ((int*)(&localtime_r))[argc];
#else
  (void)argc;
  return 0;
#endif
}
Determining if the function random exists passed with the following output:
Change Dir: /work/webrcade/retrostash/flycast-wasm/source/build-wasm-prod/CMakeFiles/CMakeTmp

Run Build Command(s):/usr/bin/gmake -f Makefile cmTC_00886/fast && /usr/bin/gmake  -f CMakeFiles/cmTC_00886.dir/build.make CMakeFiles/cmTC_00886.dir/build
gmake[1]: Entering directory '/work/webrcade/retrostash/flycast-wasm/source/build-wasm-prod/CMakeFiles/CMakeTmp'
Building C object CMakeFiles/cmTC_00886.dir/CheckFunctionExists.c.o
/emsdk/upstream/emscripten/emcc -D__STDC_WANT_LIB_EXT1__=1  -DJIT_PROD_BUILD=1 -DFLY_RELEASE_BUILD=1 -DCHECK_FUNCTION_EXISTS=random -fPIE -MD -MT CMakeFiles/cmTC_00886.dir/CheckFunctionExists.c.o -MF CMakeFiles/cmTC_00886.dir/CheckFunctionExists.c.o.d -o CMakeFiles/cmTC_00886.dir/CheckFunctionExists.c.o -c /usr/share/cmake-3.22/Modules/CheckFunctionExists.c
Linking C executable cmTC_00886.js
/usr/bin/cmake -E cmake_link_script CMakeFiles/cmTC_00886.dir/link.txt --verbose=1
/emsdk/upstream/emscripten/emcc -DJIT_PROD_BUILD=1 -DFLY_RELEASE_BUILD=1 -DCHECK_FUNCTION_EXISTS=random @CMakeFiles/cmTC_00886.dir/objects1.rsp -o cmTC_00886.js 
gmake[1]: Leaving directory '/work/webrcade/retrostash/flycast-wasm/source/build-wasm-prod/CMakeFiles/CMakeTmp'



Determining if the snprintf exist passed with the following output:
Change Dir: /work/webrcade/retrostash/flycast-wasm/source/build-wasm-prod/CMakeFiles/CMakeTmp

Run Build Command(s):/usr/bin/gmake -f Makefile cmTC_206bb/fast && /usr/bin/gmake  -f CMakeFiles/cmTC_206bb.dir/build.make CMakeFiles/cmTC_206bb.dir/build
gmake[1]: Entering directory '/work/webrcade/retrostash/flycast-wasm/source/build-wasm-prod/CMakeFiles/CMakeTmp'
Building C object CMakeFiles/cmTC_206bb.dir/CheckSymbolExists.c.o
/emsdk/upstream/emscripten/emcc -D__STDC_WANT_LIB_EXT1__=1  -DJIT_PROD_BUILD=1 -DFLY_RELEASE_BUILD=1  -fPIE -MD -MT CMakeFiles/cmTC_206bb.dir/CheckSymbolExists.c.o -MF CMakeFiles/cmTC_206bb.dir/CheckSymbolExists.c.o.d -o CMakeFiles/cmTC_206bb.dir/CheckSymbolExists.c.o -c /work/webrcade/retrostash/flycast-wasm/source/build-wasm-prod/CMakeFiles/CMakeTmp/CheckSymbolExists.c
Linking C executable cmTC_206bb.js
/usr/bin/cmake -E cmake_link_script CMakeFiles/cmTC_206bb.dir/link.txt --verbose=1
/emsdk/upstream/emscripten/emcc -DJIT_PROD_BUILD=1 -DFLY_RELEASE_BUILD=1  @CMakeFiles/cmTC_206bb.dir/objects1.rsp -o cmTC_206bb.js 
gmake[1]: Leaving directory '/work/webrcade/retrostash/flycast-wasm/source/build-wasm-prod/CMakeFiles/CMakeTmp'


File /work/webrcade/retrostash/flycast-wasm/source/build-wasm-prod/CMakeFiles/CMakeTmp/CheckSymbolExists.c:
/* */
#include <stdio.h>

int main(int argc, char** argv)
{
  (void)argv;
#ifndef snprintf
  return ((int*)(&snprintf))[argc];
#else
  (void)argc;
  return 0;
#endif
}
Determining if the strcasecmp exist passed with the following output:
Change Dir: /work/webrcade/retrostash/flycast-wasm/source/build-wasm-prod/CMakeFiles/CMakeTmp

Run Build Command(s):/usr/bin/gmake -f Makefile cmTC_401db/fast && /usr/bin/gmake  -f CMakeFiles/cmTC_401db.dir/build.make CMakeFiles/cmTC_401db.dir/build
gmake[1]: Entering directory '/work/webrcade/retrostash/flycast-wasm/source/build-wasm-prod/CMakeFiles/CMakeTmp'
Building C object CMakeFiles/cmTC_401db.dir/CheckSymbolExists.c.o
/emsdk/upstream/emscripten/emcc -D__STDC_WANT_LIB_EXT1__=1  -DJIT_PROD_BUILD=1 -DFLY_RELEASE_BUILD=1  -fPIE -MD -MT CMakeFiles/cmTC_401db.dir/CheckSymbolExists.c.o -MF CMakeFiles/cmTC_401db.dir/CheckSymbolExists.c.o.d -o CMakeFiles/cmTC_401db.dir/CheckSymbolExists.c.o -c /work/webrcade/retrostash/flycast-wasm/source/build-wasm-prod/CMakeFiles/CMakeTmp/CheckSymbolExists.c
Linking C executable cmTC_401db.js
/usr/bin/cmake -E cmake_link_script CMakeFiles/cmTC_401db.dir/link.txt --verbose=1
/emsdk/upstream/emscripten/emcc -DJIT_PROD_BUILD=1 -DFLY_RELEASE_BUILD=1  @CMakeFiles/cmTC_401db.dir/objects1.rsp -o cmTC_401db.js 
gmake[1]: Leaving directory '/work/webrcade/retrostash/flycast-wasm/source/build-wasm-prod/CMakeFiles/CMakeTmp'


File /work/webrcade/retrostash/flycast-wasm/source/build-wasm-prod/CMakeFiles/CMakeTmp/CheckSymbolExists.c:
/* */
#include <strings.h>

int main(int argc, char** argv)
{
  (void)argv;
#ifndef strcasecmp
  return ((int*)(&strcasecmp))[argc];
#else
  (void)argc;
  return 0;
#endif
}
Determining if the function strdup exists passed with the following output:
Change Dir: /work/webrcade/retrostash/flycast-wasm/source/build-wasm-prod/CMakeFiles/CMakeTmp

Run Build Command(s):/usr/bin/gmake -f Makefile cmTC_cc36b/fast && /usr/bin/gmake  -f CMakeFiles/cmTC_cc36b.dir/build.make CMakeFiles/cmTC_cc36b.dir/build
gmake[1]: Entering directory '/work/webrcade/retrostash/flycast-wasm/source/build-wasm-prod/CMakeFiles/CMakeTmp'
Building C object CMakeFiles/cmTC_cc36b.dir/CheckFunctionExists.c.o
/emsdk/upstream/emscripten/emcc -D__STDC_WANT_LIB_EXT1__=1  -DJIT_PROD_BUILD=1 -DFLY_RELEASE_BUILD=1 -DCHECK_FUNCTION_EXISTS=strdup -fPIE -MD -MT CMakeFiles/cmTC_cc36b.dir/CheckFunctionExists.c.o -MF CMakeFiles/cmTC_cc36b.dir/CheckFunctionExists.c.o.d -o CMakeFiles/cmTC_cc36b.dir/CheckFunctionExists.c.o -c /usr/share/cmake-3.22/Modules/CheckFunctionExists.c
/usr/share/cmake-3.22/Modules/CheckFunctionExists.c:7:3: warning: incompatible redeclaration of library function 'strdup' [-Wincompatible-library-redeclaration]
    7 |   CHECK_FUNCTION_EXISTS(void);
      |   ^
<command line>:5:31: note: expanded from macro 'CHECK_FUNCTION_EXISTS'
    5 | #define CHECK_FUNCTION_EXISTS strdup
      |                               ^
/usr/share/cmake-3.22/Modules/CheckFunctionExists.c:7:3: note: 'strdup' is a builtin with type 'char *(const char *)'
<command line>:5:31: note: expanded from macro 'CHECK_FUNCTION_EXISTS'
    5 | #define CHECK_FUNCTION_EXISTS strdup
      |                               ^
1 warning generated.
Linking C executable cmTC_cc36b.js
/usr/bin/cmake -E cmake_link_script CMakeFiles/cmTC_cc36b.dir/link.txt --verbose=1
/emsdk/upstream/emscripten/emcc -DJIT_PROD_BUILD=1 -DFLY_RELEASE_BUILD=1 -DCHECK_FUNCTION_EXISTS=strdup @CMakeFiles/cmTC_cc36b.dir/objects1.rsp -o cmTC_cc36b.js 
wasm-ld: warning: function signature mismatch: strdup
>>> defined as () -> i32 in CMakeFiles/cmTC_cc36b.dir/CheckFunctionExists.c.o
>>> defined as (i32) -> i32 in /emsdk/upstream/emscripten/cache/sysroot/lib/wasm32-emscripten/libc-debug.a(strdup.o)
gmake[1]: Leaving directory '/work/webrcade/retrostash/flycast-wasm/source/build-wasm-prod/CMakeFiles/CMakeTmp'



Determining if the function strtoll exists passed with the following output:
Change Dir: /work/webrcade/retrostash/flycast-wasm/source/build-wasm-prod/CMakeFiles/CMakeTmp

Run Build Command(s):/usr/bin/gmake -f Makefile cmTC_a7b78/fast && /usr/bin/gmake  -f CMakeFiles/cmTC_a7b78.dir/build.make CMakeFiles/cmTC_a7b78.dir/build
gmake[1]: Entering directory '/work/webrcade/retrostash/flycast-wasm/source/build-wasm-prod/CMakeFiles/CMakeTmp'
Building C object CMakeFiles/cmTC_a7b78.dir/CheckFunctionExists.c.o
/emsdk/upstream/emscripten/emcc -D__STDC_WANT_LIB_EXT1__=1  -DJIT_PROD_BUILD=1 -DFLY_RELEASE_BUILD=1 -DCHECK_FUNCTION_EXISTS=strtoll -fPIE -MD -MT CMakeFiles/cmTC_a7b78.dir/CheckFunctionExists.c.o -MF CMakeFiles/cmTC_a7b78.dir/CheckFunctionExists.c.o.d -o CMakeFiles/cmTC_a7b78.dir/CheckFunctionExists.c.o -c /usr/share/cmake-3.22/Modules/CheckFunctionExists.c
/usr/share/cmake-3.22/Modules/CheckFunctionExists.c:7:3: warning: incompatible redeclaration of library function 'strtoll' [-Wincompatible-library-redeclaration]
    7 |   CHECK_FUNCTION_EXISTS(void);
      |   ^
<command line>:5:31: note: expanded from macro 'CHECK_FUNCTION_EXISTS'
    5 | #define CHECK_FUNCTION_EXISTS strtoll
      |                               ^
/usr/share/cmake-3.22/Modules/CheckFunctionExists.c:7:3: note: 'strtoll' is a builtin with type 'long long (const char *, char **, int)'
<command line>:5:31: note: expanded from macro 'CHECK_FUNCTION_EXISTS'
    5 | #define CHECK_FUNCTION_EXISTS strtoll
      |                               ^
1 warning generated.
Linking C executable cmTC_a7b78.js
/usr/bin/cmake -E cmake_link_script CMakeFiles/cmTC_a7b78.dir/link.txt --verbose=1
/emsdk/upstream/emscripten/emcc -DJIT_PROD_BUILD=1 -DFLY_RELEASE_BUILD=1 -DCHECK_FUNCTION_EXISTS=strtoll @CMakeFiles/cmTC_a7b78.dir/objects1.rsp -o cmTC_a7b78.js 
wasm-ld: warning: function signature mismatch: strtoll
>>> defined as () -> i32 in CMakeFiles/cmTC_a7b78.dir/CheckFunctionExists.c.o
>>> defined as (i32, i32, i32) -> i64 in /emsdk/upstream/emscripten/cache/sysroot/lib/wasm32-emscripten/libc-debug.a(strtol.o)
gmake[1]: Leaving directory '/work/webrcade/retrostash/flycast-wasm/source/build-wasm-prod/CMakeFiles/CMakeTmp'



Determining if the function strtoull exists passed with the following output:
Change Dir: /work/webrcade/retrostash/flycast-wasm/source/build-wasm-prod/CMakeFiles/CMakeTmp

Run Build Command(s):/usr/bin/gmake -f Makefile cmTC_b7332/fast && /usr/bin/gmake  -f CMakeFiles/cmTC_b7332.dir/build.make CMakeFiles/cmTC_b7332.dir/build
gmake[1]: Entering directory '/work/webrcade/retrostash/flycast-wasm/source/build-wasm-prod/CMakeFiles/CMakeTmp'
Building C object CMakeFiles/cmTC_b7332.dir/CheckFunctionExists.c.o
/emsdk/upstream/emscripten/emcc -D__STDC_WANT_LIB_EXT1__=1  -DJIT_PROD_BUILD=1 -DFLY_RELEASE_BUILD=1 -DCHECK_FUNCTION_EXISTS=strtoull -fPIE -MD -MT CMakeFiles/cmTC_b7332.dir/CheckFunctionExists.c.o -MF CMakeFiles/cmTC_b7332.dir/CheckFunctionExists.c.o.d -o CMakeFiles/cmTC_b7332.dir/CheckFunctionExists.c.o -c /usr/share/cmake-3.22/Modules/CheckFunctionExists.c
/usr/share/cmake-3.22/Modules/CheckFunctionExists.c:7:3: warning: incompatible redeclaration of library function 'strtoull' [-Wincompatible-library-redeclaration]
    7 |   CHECK_FUNCTION_EXISTS(void);
      |   ^
<command line>:5:31: note: expanded from macro 'CHECK_FUNCTION_EXISTS'
    5 | #define CHECK_FUNCTION_EXISTS strtoull
      |                               ^
/usr/share/cmake-3.22/Modules/CheckFunctionExists.c:7:3: note: 'strtoull' is a builtin with type 'unsigned long long (const char *, char **, int)'
<command line>:5:31: note: expanded from macro 'CHECK_FUNCTION_EXISTS'
    5 | #define CHECK_FUNCTION_EXISTS strtoull
      |                               ^
1 warning generated.
Linking C executable cmTC_b7332.js
/usr/bin/cmake -E cmake_link_script CMakeFiles/cmTC_b7332.dir/link.txt --verbose=1
/emsdk/upstream/emscripten/emcc -DJIT_PROD_BUILD=1 -DFLY_RELEASE_BUILD=1 -DCHECK_FUNCTION_EXISTS=strtoull @CMakeFiles/cmTC_b7332.dir/objects1.rsp -o cmTC_b7332.js 
wasm-ld: warning: function signature mismatch: strtoull
>>> defined as () -> i32 in CMakeFiles/cmTC_b7332.dir/CheckFunctionExists.c.o
>>> defined as (i32, i32, i32) -> i64 in /emsdk/upstream/emscripten/cache/sysroot/lib/wasm32-emscripten/libc-debug.a(strtol.o)
gmake[1]: Leaving directory '/work/webrcade/retrostash/flycast-wasm/source/build-wasm-prod/CMakeFiles/CMakeTmp'



Determining if files stdbool.h exist passed with the following output:
Change Dir: /work/webrcade/retrostash/flycast-wasm/source/build-wasm-prod/CMakeFiles/CMakeTmp

Run Build Command(s):/usr/bin/gmake -f Makefile cmTC_a6cae/fast && /usr/bin/gmake  -f CMakeFiles/cmTC_a6cae.dir/build.make CMakeFiles/cmTC_a6cae.dir/build
gmake[1]: Entering directory '/work/webrcade/retrostash/flycast-wasm/source/build-wasm-prod/CMakeFiles/CMakeTmp'
Building C object CMakeFiles/cmTC_a6cae.dir/HAVE_STDBOOL_H.c.o
/emsdk/upstream/emscripten/emcc -D__STDC_WANT_LIB_EXT1__=1  -DJIT_PROD_BUILD=1 -DFLY_RELEASE_BUILD=1  -fPIE -MD -MT CMakeFiles/cmTC_a6cae.dir/HAVE_STDBOOL_H.c.o -MF CMakeFiles/cmTC_a6cae.dir/HAVE_STDBOOL_H.c.o.d -o CMakeFiles/cmTC_a6cae.dir/HAVE_STDBOOL_H.c.o -c /work/webrcade/retrostash/flycast-wasm/source/build-wasm-prod/CMakeFiles/CheckIncludeFiles/HAVE_STDBOOL_H.c
Linking C executable cmTC_a6cae.js
/usr/bin/cmake -E cmake_link_script CMakeFiles/cmTC_a6cae.dir/link.txt --verbose=1
/emsdk/upstream/emscripten/emcc -DJIT_PROD_BUILD=1 -DFLY_RELEASE_BUILD=1  @CMakeFiles/cmTC_a6cae.dir/objects1.rsp -o cmTC_a6cae.js 
gmake[1]: Leaving directory '/work/webrcade/retrostash/flycast-wasm/source/build-wasm-prod/CMakeFiles/CMakeTmp'



Determining if files strings.h exist passed with the following output:
Change Dir: /work/webrcade/retrostash/flycast-wasm/source/build-wasm-prod/CMakeFiles/CMakeTmp

Run Build Command(s):/usr/bin/gmake -f Makefile cmTC_70003/fast && /usr/bin/gmake  -f CMakeFiles/cmTC_70003.dir/build.make CMakeFiles/cmTC_70003.dir/build
gmake[1]: Entering directory '/work/webrcade/retrostash/flycast-wasm/source/build-wasm-prod/CMakeFiles/CMakeTmp'
Building C object CMakeFiles/cmTC_70003.dir/HAVE_STRINGS_H.c.o
/emsdk/upstream/emscripten/emcc -D__STDC_WANT_LIB_EXT1__=1  -DJIT_PROD_BUILD=1 -DFLY_RELEASE_BUILD=1  -fPIE -MD -MT CMakeFiles/cmTC_70003.dir/HAVE_STRINGS_H.c.o -MF CMakeFiles/cmTC_70003.dir/HAVE_STRINGS_H.c.o.d -o CMakeFiles/cmTC_70003.dir/HAVE_STRINGS_H.c.o -c /work/webrcade/retrostash/flycast-wasm/source/build-wasm-prod/CMakeFiles/CheckIncludeFiles/HAVE_STRINGS_H.c
Linking C executable cmTC_70003.js
/usr/bin/cmake -E cmake_link_script CMakeFiles/cmTC_70003.dir/link.txt --verbose=1
/emsdk/upstream/emscripten/emcc -DJIT_PROD_BUILD=1 -DFLY_RELEASE_BUILD=1  @CMakeFiles/cmTC_70003.dir/objects1.rsp -o cmTC_70003.js 
gmake[1]: Leaving directory '/work/webrcade/retrostash/flycast-wasm/source/build-wasm-prod/CMakeFiles/CMakeTmp'



Determining if files unistd.h exist passed with the following output:
Change Dir: /work/webrcade/retrostash/flycast-wasm/source/build-wasm-prod/CMakeFiles/CMakeTmp

Run Build Command(s):/usr/bin/gmake -f Makefile cmTC_0a545/fast && /usr/bin/gmake  -f CMakeFiles/cmTC_0a545.dir/build.make CMakeFiles/cmTC_0a545.dir/build
gmake[1]: Entering directory '/work/webrcade/retrostash/flycast-wasm/source/build-wasm-prod/CMakeFiles/CMakeTmp'
Building C object CMakeFiles/cmTC_0a545.dir/HAVE_UNISTD_H.c.o
/emsdk/upstream/emscripten/emcc -D__STDC_WANT_LIB_EXT1__=1  -DJIT_PROD_BUILD=1 -DFLY_RELEASE_BUILD=1  -fPIE -MD -MT CMakeFiles/cmTC_0a545.dir/HAVE_UNISTD_H.c.o -MF CMakeFiles/cmTC_0a545.dir/HAVE_UNISTD_H.c.o.d -o CMakeFiles/cmTC_0a545.dir/HAVE_UNISTD_H.c.o -c /work/webrcade/retrostash/flycast-wasm/source/build-wasm-prod/CMakeFiles/CheckIncludeFiles/HAVE_UNISTD_H.c
Linking C executable cmTC_0a545.js
/usr/bin/cmake -E cmake_link_script CMakeFiles/cmTC_0a545.dir/link.txt --verbose=1
/emsdk/upstream/emscripten/emcc -DJIT_PROD_BUILD=1 -DFLY_RELEASE_BUILD=1  @CMakeFiles/cmTC_0a545.dir/objects1.rsp -o cmTC_0a545.js 
gmake[1]: Leaving directory '/work/webrcade/retrostash/flycast-wasm/source/build-wasm-prod/CMakeFiles/CMakeTmp'



Determining if files inttypes.h exist passed with the following output:
Change Dir: /work/webrcade/retrostash/flycast-wasm/source/build-wasm-prod/CMakeFiles/CMakeTmp

Run Build Command(s):/usr/bin/gmake -f Makefile cmTC_8684a/fast && /usr/bin/gmake  -f CMakeFiles/cmTC_8684a.dir/build.make CMakeFiles/cmTC_8684a.dir/build
gmake[1]: Entering directory '/work/webrcade/retrostash/flycast-wasm/source/build-wasm-prod/CMakeFiles/CMakeTmp'
Building C object CMakeFiles/cmTC_8684a.dir/HAVE_INTTYPES_H_LIBZIP.c.o
/emsdk/upstream/emscripten/emcc -D__STDC_WANT_LIB_EXT1__=1  -DJIT_PROD_BUILD=1 -DFLY_RELEASE_BUILD=1  -fPIE -MD -MT CMakeFiles/cmTC_8684a.dir/HAVE_INTTYPES_H_LIBZIP.c.o -MF CMakeFiles/cmTC_8684a.dir/HAVE_INTTYPES_H_LIBZIP.c.o.d -o CMakeFiles/cmTC_8684a.dir/HAVE_INTTYPES_H_LIBZIP.c.o -c /work/webrcade/retrostash/flycast-wasm/source/build-wasm-prod/CMakeFiles/CheckIncludeFiles/HAVE_INTTYPES_H_LIBZIP.c
Linking C executable cmTC_8684a.js
/usr/bin/cmake -E cmake_link_script CMakeFiles/cmTC_8684a.dir/link.txt --verbose=1
/emsdk/upstream/emscripten/emcc -DJIT_PROD_BUILD=1 -DFLY_RELEASE_BUILD=1  @CMakeFiles/cmTC_8684a.dir/objects1.rsp -o cmTC_8684a.js 
gmake[1]: Leaving directory '/work/webrcade/retrostash/flycast-wasm/source/build-wasm-prod/CMakeFiles/CMakeTmp'



Determining if files stdint.h exist passed with the following output:
Change Dir: /work/webrcade/retrostash/flycast-wasm/source/build-wasm-prod/CMakeFiles/CMakeTmp

Run Build Command(s):/usr/bin/gmake -f Makefile cmTC_5c641/fast && /usr/bin/gmake  -f CMakeFiles/cmTC_5c641.dir/build.make CMakeFiles/cmTC_5c641.dir/build
gmake[1]: Entering directory '/work/webrcade/retrostash/flycast-wasm/source/build-wasm-prod/CMakeFiles/CMakeTmp'
Building C object CMakeFiles/cmTC_5c641.dir/HAVE_STDINT_H_LIBZIP.c.o
/emsdk/upstream/emscripten/emcc -D__STDC_WANT_LIB_EXT1__=1  -DJIT_PROD_BUILD=1 -DFLY_RELEASE_BUILD=1  -fPIE -MD -MT CMakeFiles/cmTC_5c641.dir/HAVE_STDINT_H_LIBZIP.c.o -MF CMakeFiles/cmTC_5c641.dir/HAVE_STDINT_H_LIBZIP.c.o.d -o CMakeFiles/cmTC_5c641.dir/HAVE_STDINT_H_LIBZIP.c.o -c /work/webrcade/retrostash/flycast-wasm/source/build-wasm-prod/CMakeFiles/CheckIncludeFiles/HAVE_STDINT_H_LIBZIP.c
Linking C executable cmTC_5c641.js
/usr/bin/cmake -E cmake_link_script CMakeFiles/cmTC_5c641.dir/link.txt --verbose=1
/emsdk/upstream/emscripten/emcc -DJIT_PROD_BUILD=1 -DFLY_RELEASE_BUILD=1  @CMakeFiles/cmTC_5c641.dir/objects1.rsp -o cmTC_5c641.js 
gmake[1]: Leaving directory '/work/webrcade/retrostash/flycast-wasm/source/build-wasm-prod/CMakeFiles/CMakeTmp'



Determining if files sys/types.h exist passed with the following output:
Change Dir: /work/webrcade/retrostash/flycast-wasm/source/build-wasm-prod/CMakeFiles/CMakeTmp

Run Build Command(s):/usr/bin/gmake -f Makefile cmTC_e0d76/fast && /usr/bin/gmake  -f CMakeFiles/cmTC_e0d76.dir/build.make CMakeFiles/cmTC_e0d76.dir/build
gmake[1]: Entering directory '/work/webrcade/retrostash/flycast-wasm/source/build-wasm-prod/CMakeFiles/CMakeTmp'
Building C object CMakeFiles/cmTC_e0d76.dir/HAVE_SYS_TYPES_H_LIBZIP.c.o
/emsdk/upstream/emscripten/emcc -D__STDC_WANT_LIB_EXT1__=1  -DJIT_PROD_BUILD=1 -DFLY_RELEASE_BUILD=1  -fPIE -MD -MT CMakeFiles/cmTC_e0d76.dir/HAVE_SYS_TYPES_H_LIBZIP.c.o -MF CMakeFiles/cmTC_e0d76.dir/HAVE_SYS_TYPES_H_LIBZIP.c.o.d -o CMakeFiles/cmTC_e0d76.dir/HAVE_SYS_TYPES_H_LIBZIP.c.o -c /work/webrcade/retrostash/flycast-wasm/source/build-wasm-prod/CMakeFiles/CheckIncludeFiles/HAVE_SYS_TYPES_H_LIBZIP.c
Linking C executable cmTC_e0d76.js
/usr/bin/cmake -E cmake_link_script CMakeFiles/cmTC_e0d76.dir/link.txt --verbose=1
/emsdk/upstream/emscripten/emcc -DJIT_PROD_BUILD=1 -DFLY_RELEASE_BUILD=1  @CMakeFiles/cmTC_e0d76.dir/objects1.rsp -o cmTC_e0d76.js 
gmake[1]: Leaving directory '/work/webrcade/retrostash/flycast-wasm/source/build-wasm-prod/CMakeFiles/CMakeTmp'



Determining size of int8_t passed with the following output:
Change Dir: /work/webrcade/retrostash/flycast-wasm/source/build-wasm-prod/CMakeFiles/CMakeTmp

Run Build Command(s):/usr/bin/gmake -f Makefile cmTC_6d76a/fast && /usr/bin/gmake  -f CMakeFiles/cmTC_6d76a.dir/build.make CMakeFiles/cmTC_6d76a.dir/build
gmake[1]: Entering directory '/work/webrcade/retrostash/flycast-wasm/source/build-wasm-prod/CMakeFiles/CMakeTmp'
Building C object CMakeFiles/cmTC_6d76a.dir/INT8_T_LIBZIP.c.o
/emsdk/upstream/emscripten/emcc -D__STDC_WANT_LIB_EXT1__=1  -DJIT_PROD_BUILD=1 -DFLY_RELEASE_BUILD=1  -fPIE -MD -MT CMakeFiles/cmTC_6d76a.dir/INT8_T_LIBZIP.c.o -MF CMakeFiles/cmTC_6d76a.dir/INT8_T_LIBZIP.c.o.d -o CMakeFiles/cmTC_6d76a.dir/INT8_T_LIBZIP.c.o -c /work/webrcade/retrostash/flycast-wasm/source/build-wasm-prod/CMakeFiles/CheckTypeSize/INT8_T_LIBZIP.c
Linking C executable cmTC_6d76a.js
/usr/bin/cmake -E cmake_link_script CMakeFiles/cmTC_6d76a.dir/link.txt --verbose=1
/emsdk/upstream/emscripten/emcc -DJIT_PROD_BUILD=1 -DFLY_RELEASE_BUILD=1  @CMakeFiles/cmTC_6d76a.dir/objects1.rsp -o cmTC_6d76a.js @CMakeFiles/cmTC_6d76a.dir/linklibs.rsp
gmake[1]: Leaving directory '/work/webrcade/retrostash/flycast-wasm/source/build-wasm-prod/CMakeFiles/CMakeTmp'



Determining size of uint8_t passed with the following output:
Change Dir: /work/webrcade/retrostash/flycast-wasm/source/build-wasm-prod/CMakeFiles/CMakeTmp

Run Build Command(s):/usr/bin/gmake -f Makefile cmTC_ba933/fast && /usr/bin/gmake  -f CMakeFiles/cmTC_ba933.dir/build.make CMakeFiles/cmTC_ba933.dir/build
gmake[1]: Entering directory '/work/webrcade/retrostash/flycast-wasm/source/build-wasm-prod/CMakeFiles/CMakeTmp'
Building C object CMakeFiles/cmTC_ba933.dir/UINT8_T_LIBZIP.c.o
/emsdk/upstream/emscripten/emcc -D__STDC_WANT_LIB_EXT1__=1  -DJIT_PROD_BUILD=1 -DFLY_RELEASE_BUILD=1  -fPIE -MD -MT CMakeFiles/cmTC_ba933.dir/UINT8_T_LIBZIP.c.o -MF CMakeFiles/cmTC_ba933.dir/UINT8_T_LIBZIP.c.o.d -o CMakeFiles/cmTC_ba933.dir/UINT8_T_LIBZIP.c.o -c /work/webrcade/retrostash/flycast-wasm/source/build-wasm-prod/CMakeFiles/CheckTypeSize/UINT8_T_LIBZIP.c
Linking C executable cmTC_ba933.js
/usr/bin/cmake -E cmake_link_script CMakeFiles/cmTC_ba933.dir/link.txt --verbose=1
/emsdk/upstream/emscripten/emcc -DJIT_PROD_BUILD=1 -DFLY_RELEASE_BUILD=1  @CMakeFiles/cmTC_ba933.dir/objects1.rsp -o cmTC_ba933.js @CMakeFiles/cmTC_ba933.dir/linklibs.rsp
gmake[1]: Leaving directory '/work/webrcade/retrostash/flycast-wasm/source/build-wasm-prod/CMakeFiles/CMakeTmp'



Determining size of int16_t passed with the following output:
Change Dir: /work/webrcade/retrostash/flycast-wasm/source/build-wasm-prod/CMakeFiles/CMakeTmp

Run Build Command(s):/usr/bin/gmake -f Makefile cmTC_155c1/fast && /usr/bin/gmake  -f CMakeFiles/cmTC_155c1.dir/build.make CMakeFiles/cmTC_155c1.dir/build
gmake[1]: Entering directory '/work/webrcade/retrostash/flycast-wasm/source/build-wasm-prod/CMakeFiles/CMakeTmp'
Building C object CMakeFiles/cmTC_155c1.dir/INT16_T_LIBZIP.c.o
/emsdk/upstream/emscripten/emcc -D__STDC_WANT_LIB_EXT1__=1  -DJIT_PROD_BUILD=1 -DFLY_RELEASE_BUILD=1  -fPIE -MD -MT CMakeFiles/cmTC_155c1.dir/INT16_T_LIBZIP.c.o -MF CMakeFiles/cmTC_155c1.dir/INT16_T_LIBZIP.c.o.d -o CMakeFiles/cmTC_155c1.dir/INT16_T_LIBZIP.c.o -c /work/webrcade/retrostash/flycast-wasm/source/build-wasm-prod/CMakeFiles/CheckTypeSize/INT16_T_LIBZIP.c
Linking C executable cmTC_155c1.js
/usr/bin/cmake -E cmake_link_script CMakeFiles/cmTC_155c1.dir/link.txt --verbose=1
/emsdk/upstream/emscripten/emcc -DJIT_PROD_BUILD=1 -DFLY_RELEASE_BUILD=1  @CMakeFiles/cmTC_155c1.dir/objects1.rsp -o cmTC_155c1.js @CMakeFiles/cmTC_155c1.dir/linklibs.rsp
gmake[1]: Leaving directory '/work/webrcade/retrostash/flycast-wasm/source/build-wasm-prod/CMakeFiles/CMakeTmp'



Determining size of uint16_t passed with the following output:
Change Dir: /work/webrcade/retrostash/flycast-wasm/source/build-wasm-prod/CMakeFiles/CMakeTmp

Run Build Command(s):/usr/bin/gmake -f Makefile cmTC_f3eda/fast && /usr/bin/gmake  -f CMakeFiles/cmTC_f3eda.dir/build.make CMakeFiles/cmTC_f3eda.dir/build
gmake[1]: Entering directory '/work/webrcade/retrostash/flycast-wasm/source/build-wasm-prod/CMakeFiles/CMakeTmp'
Building C object CMakeFiles/cmTC_f3eda.dir/UINT16_T_LIBZIP.c.o
/emsdk/upstream/emscripten/emcc -D__STDC_WANT_LIB_EXT1__=1  -DJIT_PROD_BUILD=1 -DFLY_RELEASE_BUILD=1  -fPIE -MD -MT CMakeFiles/cmTC_f3eda.dir/UINT16_T_LIBZIP.c.o -MF CMakeFiles/cmTC_f3eda.dir/UINT16_T_LIBZIP.c.o.d -o CMakeFiles/cmTC_f3eda.dir/UINT16_T_LIBZIP.c.o -c /work/webrcade/retrostash/flycast-wasm/source/build-wasm-prod/CMakeFiles/CheckTypeSize/UINT16_T_LIBZIP.c
Linking C executable cmTC_f3eda.js
/usr/bin/cmake -E cmake_link_script CMakeFiles/cmTC_f3eda.dir/link.txt --verbose=1
/emsdk/upstream/emscripten/emcc -DJIT_PROD_BUILD=1 -DFLY_RELEASE_BUILD=1  @CMakeFiles/cmTC_f3eda.dir/objects1.rsp -o cmTC_f3eda.js @CMakeFiles/cmTC_f3eda.dir/linklibs.rsp
gmake[1]: Leaving directory '/work/webrcade/retrostash/flycast-wasm/source/build-wasm-prod/CMakeFiles/CMakeTmp'



Determining size of int32_t passed with the following output:
Change Dir: /work/webrcade/retrostash/flycast-wasm/source/build-wasm-prod/CMakeFiles/CMakeTmp

Run Build Command(s):/usr/bin/gmake -f Makefile cmTC_61257/fast && /usr/bin/gmake  -f CMakeFiles/cmTC_61257.dir/build.make CMakeFiles/cmTC_61257.dir/build
gmake[1]: Entering directory '/work/webrcade/retrostash/flycast-wasm/source/build-wasm-prod/CMakeFiles/CMakeTmp'
Building C object CMakeFiles/cmTC_61257.dir/INT32_T_LIBZIP.c.o
/emsdk/upstream/emscripten/emcc -D__STDC_WANT_LIB_EXT1__=1  -DJIT_PROD_BUILD=1 -DFLY_RELEASE_BUILD=1  -fPIE -MD -MT CMakeFiles/cmTC_61257.dir/INT32_T_LIBZIP.c.o -MF CMakeFiles/cmTC_61257.dir/INT32_T_LIBZIP.c.o.d -o CMakeFiles/cmTC_61257.dir/INT32_T_LIBZIP.c.o -c /work/webrcade/retrostash/flycast-wasm/source/build-wasm-prod/CMakeFiles/CheckTypeSize/INT32_T_LIBZIP.c
Linking C executable cmTC_61257.js
/usr/bin/cmake -E cmake_link_script CMakeFiles/cmTC_61257.dir/link.txt --verbose=1
/emsdk/upstream/emscripten/emcc -DJIT_PROD_BUILD=1 -DFLY_RELEASE_BUILD=1  @CMakeFiles/cmTC_61257.dir/objects1.rsp -o cmTC_61257.js @CMakeFiles/cmTC_61257.dir/linklibs.rsp
gmake[1]: Leaving directory '/work/webrcade/retrostash/flycast-wasm/source/build-wasm-prod/CMakeFiles/CMakeTmp'



Determining size of uint32_t passed with the following output:
Change Dir: /work/webrcade/retrostash/flycast-wasm/source/build-wasm-prod/CMakeFiles/CMakeTmp

Run Build Command(s):/usr/bin/gmake -f Makefile cmTC_a1da3/fast && /usr/bin/gmake  -f CMakeFiles/cmTC_a1da3.dir/build.make CMakeFiles/cmTC_a1da3.dir/build
gmake[1]: Entering directory '/work/webrcade/retrostash/flycast-wasm/source/build-wasm-prod/CMakeFiles/CMakeTmp'
Building C object CMakeFiles/cmTC_a1da3.dir/UINT32_T_LIBZIP.c.o
/emsdk/upstream/emscripten/emcc -D__STDC_WANT_LIB_EXT1__=1  -DJIT_PROD_BUILD=1 -DFLY_RELEASE_BUILD=1  -fPIE -MD -MT CMakeFiles/cmTC_a1da3.dir/UINT32_T_LIBZIP.c.o -MF CMakeFiles/cmTC_a1da3.dir/UINT32_T_LIBZIP.c.o.d -o CMakeFiles/cmTC_a1da3.dir/UINT32_T_LIBZIP.c.o -c /work/webrcade/retrostash/flycast-wasm/source/build-wasm-prod/CMakeFiles/CheckTypeSize/UINT32_T_LIBZIP.c
Linking C executable cmTC_a1da3.js
/usr/bin/cmake -E cmake_link_script CMakeFiles/cmTC_a1da3.dir/link.txt --verbose=1
/emsdk/upstream/emscripten/emcc -DJIT_PROD_BUILD=1 -DFLY_RELEASE_BUILD=1  @CMakeFiles/cmTC_a1da3.dir/objects1.rsp -o cmTC_a1da3.js @CMakeFiles/cmTC_a1da3.dir/linklibs.rsp
gmake[1]: Leaving directory '/work/webrcade/retrostash/flycast-wasm/source/build-wasm-prod/CMakeFiles/CMakeTmp'



Determining size of int64_t passed with the following output:
Change Dir: /work/webrcade/retrostash/flycast-wasm/source/build-wasm-prod/CMakeFiles/CMakeTmp

Run Build Command(s):/usr/bin/gmake -f Makefile cmTC_9feea/fast && /usr/bin/gmake  -f CMakeFiles/cmTC_9feea.dir/build.make CMakeFiles/cmTC_9feea.dir/build
gmake[1]: Entering directory '/work/webrcade/retrostash/flycast-wasm/source/build-wasm-prod/CMakeFiles/CMakeTmp'
Building C object CMakeFiles/cmTC_9feea.dir/INT64_T_LIBZIP.c.o
/emsdk/upstream/emscripten/emcc -D__STDC_WANT_LIB_EXT1__=1  -DJIT_PROD_BUILD=1 -DFLY_RELEASE_BUILD=1  -fPIE -MD -MT CMakeFiles/cmTC_9feea.dir/INT64_T_LIBZIP.c.o -MF CMakeFiles/cmTC_9feea.dir/INT64_T_LIBZIP.c.o.d -o CMakeFiles/cmTC_9feea.dir/INT64_T_LIBZIP.c.o -c /work/webrcade/retrostash/flycast-wasm/source/build-wasm-prod/CMakeFiles/CheckTypeSize/INT64_T_LIBZIP.c
Linking C executable cmTC_9feea.js
/usr/bin/cmake -E cmake_link_script CMakeFiles/cmTC_9feea.dir/link.txt --verbose=1
/emsdk/upstream/emscripten/emcc -DJIT_PROD_BUILD=1 -DFLY_RELEASE_BUILD=1  @CMakeFiles/cmTC_9feea.dir/objects1.rsp -o cmTC_9feea.js @CMakeFiles/cmTC_9feea.dir/linklibs.rsp
gmake[1]: Leaving directory '/work/webrcade/retrostash/flycast-wasm/source/build-wasm-prod/CMakeFiles/CMakeTmp'



Determining size of uint64_t passed with the following output:
Change Dir: /work/webrcade/retrostash/flycast-wasm/source/build-wasm-prod/CMakeFiles/CMakeTmp

Run Build Command(s):/usr/bin/gmake -f Makefile cmTC_f9efa/fast && /usr/bin/gmake  -f CMakeFiles/cmTC_f9efa.dir/build.make CMakeFiles/cmTC_f9efa.dir/build
gmake[1]: Entering directory '/work/webrcade/retrostash/flycast-wasm/source/build-wasm-prod/CMakeFiles/CMakeTmp'
Building C object CMakeFiles/cmTC_f9efa.dir/UINT64_T_LIBZIP.c.o
/emsdk/upstream/emscripten/emcc -D__STDC_WANT_LIB_EXT1__=1  -DJIT_PROD_BUILD=1 -DFLY_RELEASE_BUILD=1  -fPIE -MD -MT CMakeFiles/cmTC_f9efa.dir/UINT64_T_LIBZIP.c.o -MF CMakeFiles/cmTC_f9efa.dir/UINT64_T_LIBZIP.c.o.d -o CMakeFiles/cmTC_f9efa.dir/UINT64_T_LIBZIP.c.o -c /work/webrcade/retrostash/flycast-wasm/source/build-wasm-prod/CMakeFiles/CheckTypeSize/UINT64_T_LIBZIP.c
Linking C executable cmTC_f9efa.js
/usr/bin/cmake -E cmake_link_script CMakeFiles/cmTC_f9efa.dir/link.txt --verbose=1
/emsdk/upstream/emscripten/emcc -DJIT_PROD_BUILD=1 -DFLY_RELEASE_BUILD=1  @CMakeFiles/cmTC_f9efa.dir/objects1.rsp -o cmTC_f9efa.js @CMakeFiles/cmTC_f9efa.dir/linklibs.rsp
gmake[1]: Leaving directory '/work/webrcade/retrostash/flycast-wasm/source/build-wasm-prod/CMakeFiles/CMakeTmp'



Determining size of short passed with the following output:
Change Dir: /work/webrcade/retrostash/flycast-wasm/source/build-wasm-prod/CMakeFiles/CMakeTmp

Run Build Command(s):/usr/bin/gmake -f Makefile cmTC_2b2cb/fast && /usr/bin/gmake  -f CMakeFiles/cmTC_2b2cb.dir/build.make CMakeFiles/cmTC_2b2cb.dir/build
gmake[1]: Entering directory '/work/webrcade/retrostash/flycast-wasm/source/build-wasm-prod/CMakeFiles/CMakeTmp'
Building C object CMakeFiles/cmTC_2b2cb.dir/SHORT_LIBZIP.c.o
/emsdk/upstream/emscripten/emcc -D__STDC_WANT_LIB_EXT1__=1  -DJIT_PROD_BUILD=1 -DFLY_RELEASE_BUILD=1  -fPIE -MD -MT CMakeFiles/cmTC_2b2cb.dir/SHORT_LIBZIP.c.o -MF CMakeFiles/cmTC_2b2cb.dir/SHORT_LIBZIP.c.o.d -o CMakeFiles/cmTC_2b2cb.dir/SHORT_LIBZIP.c.o -c /work/webrcade/retrostash/flycast-wasm/source/build-wasm-prod/CMakeFiles/CheckTypeSize/SHORT_LIBZIP.c
Linking C executable cmTC_2b2cb.js
/usr/bin/cmake -E cmake_link_script CMakeFiles/cmTC_2b2cb.dir/link.txt --verbose=1
/emsdk/upstream/emscripten/emcc -DJIT_PROD_BUILD=1 -DFLY_RELEASE_BUILD=1  @CMakeFiles/cmTC_2b2cb.dir/objects1.rsp -o cmTC_2b2cb.js @CMakeFiles/cmTC_2b2cb.dir/linklibs.rsp
gmake[1]: Leaving directory '/work/webrcade/retrostash/flycast-wasm/source/build-wasm-prod/CMakeFiles/CMakeTmp'



Determining size of int passed with the following output:
Change Dir: /work/webrcade/retrostash/flycast-wasm/source/build-wasm-prod/CMakeFiles/CMakeTmp

Run Build Command(s):/usr/bin/gmake -f Makefile cmTC_e371b/fast && /usr/bin/gmake  -f CMakeFiles/cmTC_e371b.dir/build.make CMakeFiles/cmTC_e371b.dir/build
gmake[1]: Entering directory '/work/webrcade/retrostash/flycast-wasm/source/build-wasm-prod/CMakeFiles/CMakeTmp'
Building C object CMakeFiles/cmTC_e371b.dir/INT_LIBZIP.c.o
/emsdk/upstream/emscripten/emcc -D__STDC_WANT_LIB_EXT1__=1  -DJIT_PROD_BUILD=1 -DFLY_RELEASE_BUILD=1  -fPIE -MD -MT CMakeFiles/cmTC_e371b.dir/INT_LIBZIP.c.o -MF CMakeFiles/cmTC_e371b.dir/INT_LIBZIP.c.o.d -o CMakeFiles/cmTC_e371b.dir/INT_LIBZIP.c.o -c /work/webrcade/retrostash/flycast-wasm/source/build-wasm-prod/CMakeFiles/CheckTypeSize/INT_LIBZIP.c
Linking C executable cmTC_e371b.js
/usr/bin/cmake -E cmake_link_script CMakeFiles/cmTC_e371b.dir/link.txt --verbose=1
/emsdk/upstream/emscripten/emcc -DJIT_PROD_BUILD=1 -DFLY_RELEASE_BUILD=1  @CMakeFiles/cmTC_e371b.dir/objects1.rsp -o cmTC_e371b.js @CMakeFiles/cmTC_e371b.dir/linklibs.rsp
gmake[1]: Leaving directory '/work/webrcade/retrostash/flycast-wasm/source/build-wasm-prod/CMakeFiles/CMakeTmp'



Determining size of long passed with the following output:
Change Dir: /work/webrcade/retrostash/flycast-wasm/source/build-wasm-prod/CMakeFiles/CMakeTmp

Run Build Command(s):/usr/bin/gmake -f Makefile cmTC_9a44d/fast && /usr/bin/gmake  -f CMakeFiles/cmTC_9a44d.dir/build.make CMakeFiles/cmTC_9a44d.dir/build
gmake[1]: Entering directory '/work/webrcade/retrostash/flycast-wasm/source/build-wasm-prod/CMakeFiles/CMakeTmp'
Building C object CMakeFiles/cmTC_9a44d.dir/LONG_LIBZIP.c.o
/emsdk/upstream/emscripten/emcc -D__STDC_WANT_LIB_EXT1__=1  -DJIT_PROD_BUILD=1 -DFLY_RELEASE_BUILD=1  -fPIE -MD -MT CMakeFiles/cmTC_9a44d.dir/LONG_LIBZIP.c.o -MF CMakeFiles/cmTC_9a44d.dir/LONG_LIBZIP.c.o.d -o CMakeFiles/cmTC_9a44d.dir/LONG_LIBZIP.c.o -c /work/webrcade/retrostash/flycast-wasm/source/build-wasm-prod/CMakeFiles/CheckTypeSize/LONG_LIBZIP.c
Linking C executable cmTC_9a44d.js
/usr/bin/cmake -E cmake_link_script CMakeFiles/cmTC_9a44d.dir/link.txt --verbose=1
/emsdk/upstream/emscripten/emcc -DJIT_PROD_BUILD=1 -DFLY_RELEASE_BUILD=1  @CMakeFiles/cmTC_9a44d.dir/objects1.rsp -o cmTC_9a44d.js @CMakeFiles/cmTC_9a44d.dir/linklibs.rsp
gmake[1]: Leaving directory '/work/webrcade/retrostash/flycast-wasm/source/build-wasm-prod/CMakeFiles/CMakeTmp'



Determining size of long long passed with the following output:
Change Dir: /work/webrcade/retrostash/flycast-wasm/source/build-wasm-prod/CMakeFiles/CMakeTmp

Run Build Command(s):/usr/bin/gmake -f Makefile cmTC_11df7/fast && /usr/bin/gmake  -f CMakeFiles/cmTC_11df7.dir/build.make CMakeFiles/cmTC_11df7.dir/build
gmake[1]: Entering directory '/work/webrcade/retrostash/flycast-wasm/source/build-wasm-prod/CMakeFiles/CMakeTmp'
Building C object CMakeFiles/cmTC_11df7.dir/LONG_LONG_LIBZIP.c.o
/emsdk/upstream/emscripten/emcc -D__STDC_WANT_LIB_EXT1__=1  -DJIT_PROD_BUILD=1 -DFLY_RELEASE_BUILD=1  -fPIE -MD -MT CMakeFiles/cmTC_11df7.dir/LONG_LONG_LIBZIP.c.o -MF CMakeFiles/cmTC_11df7.dir/LONG_LONG_LIBZIP.c.o.d -o CMakeFiles/cmTC_11df7.dir/LONG_LONG_LIBZIP.c.o -c /work/webrcade/retrostash/flycast-wasm/source/build-wasm-prod/CMakeFiles/CheckTypeSize/LONG_LONG_LIBZIP.c
Linking C executable cmTC_11df7.js
/usr/bin/cmake -E cmake_link_script CMakeFiles/cmTC_11df7.dir/link.txt --verbose=1
/emsdk/upstream/emscripten/emcc -DJIT_PROD_BUILD=1 -DFLY_RELEASE_BUILD=1  @CMakeFiles/cmTC_11df7.dir/objects1.rsp -o cmTC_11df7.js @CMakeFiles/cmTC_11df7.dir/linklibs.rsp
gmake[1]: Leaving directory '/work/webrcade/retrostash/flycast-wasm/source/build-wasm-prod/CMakeFiles/CMakeTmp'



Determining size of off_t passed with the following output:
Change Dir: /work/webrcade/retrostash/flycast-wasm/source/build-wasm-prod/CMakeFiles/CMakeTmp

Run Build Command(s):/usr/bin/gmake -f Makefile cmTC_d7f3e/fast && /usr/bin/gmake  -f CMakeFiles/cmTC_d7f3e.dir/build.make CMakeFiles/cmTC_d7f3e.dir/build
gmake[1]: Entering directory '/work/webrcade/retrostash/flycast-wasm/source/build-wasm-prod/CMakeFiles/CMakeTmp'
Building C object CMakeFiles/cmTC_d7f3e.dir/SIZEOF_OFF_T.c.o
/emsdk/upstream/emscripten/emcc -D__STDC_WANT_LIB_EXT1__=1  -DJIT_PROD_BUILD=1 -DFLY_RELEASE_BUILD=1  -fPIE -MD -MT CMakeFiles/cmTC_d7f3e.dir/SIZEOF_OFF_T.c.o -MF CMakeFiles/cmTC_d7f3e.dir/SIZEOF_OFF_T.c.o.d -o CMakeFiles/cmTC_d7f3e.dir/SIZEOF_OFF_T.c.o -c /work/webrcade/retrostash/flycast-wasm/source/build-wasm-prod/CMakeFiles/CheckTypeSize/SIZEOF_OFF_T.c
Linking C executable cmTC_d7f3e.js
/usr/bin/cmake -E cmake_link_script CMakeFiles/cmTC_d7f3e.dir/link.txt --verbose=1
/emsdk/upstream/emscripten/emcc -DJIT_PROD_BUILD=1 -DFLY_RELEASE_BUILD=1  @CMakeFiles/cmTC_d7f3e.dir/objects1.rsp -o cmTC_d7f3e.js @CMakeFiles/cmTC_d7f3e.dir/linklibs.rsp
gmake[1]: Leaving directory '/work/webrcade/retrostash/flycast-wasm/source/build-wasm-prod/CMakeFiles/CMakeTmp'



Determining size of size_t passed with the following output:
Change Dir: /work/webrcade/retrostash/flycast-wasm/source/build-wasm-prod/CMakeFiles/CMakeTmp

Run Build Command(s):/usr/bin/gmake -f Makefile cmTC_421ba/fast && /usr/bin/gmake  -f CMakeFiles/cmTC_421ba.dir/build.make CMakeFiles/cmTC_421ba.dir/build
gmake[1]: Entering directory '/work/webrcade/retrostash/flycast-wasm/source/build-wasm-prod/CMakeFiles/CMakeTmp'
Building C object CMakeFiles/cmTC_421ba.dir/SIZEOF_SIZE_T.c.o
/emsdk/upstream/emscripten/emcc -D__STDC_WANT_LIB_EXT1__=1  -DJIT_PROD_BUILD=1 -DFLY_RELEASE_BUILD=1  -fPIE -MD -MT CMakeFiles/cmTC_421ba.dir/SIZEOF_SIZE_T.c.o -MF CMakeFiles/cmTC_421ba.dir/SIZEOF_SIZE_T.c.o.d -o CMakeFiles/cmTC_421ba.dir/SIZEOF_SIZE_T.c.o -c /work/webrcade/retrostash/flycast-wasm/source/build-wasm-prod/CMakeFiles/CheckTypeSize/SIZEOF_SIZE_T.c
Linking C executable cmTC_421ba.js
/usr/bin/cmake -E cmake_link_script CMakeFiles/cmTC_421ba.dir/link.txt --verbose=1
/emsdk/upstream/emscripten/emcc -DJIT_PROD_BUILD=1 -DFLY_RELEASE_BUILD=1  @CMakeFiles/cmTC_421ba.dir/objects1.rsp -o cmTC_421ba.js @CMakeFiles/cmTC_421ba.dir/linklibs.rsp
gmake[1]: Leaving directory '/work/webrcade/retrostash/flycast-wasm/source/build-wasm-prod/CMakeFiles/CMakeTmp'



Performing C SOURCE FILE Test HAVE_NULLABLE succeeded with the following output:
Change Dir: /work/webrcade/retrostash/flycast-wasm/source/build-wasm-prod/CMakeFiles/CMakeTmp

Run Build Command(s):/usr/bin/gmake -f Makefile cmTC_4702f/fast && /usr/bin/gmake  -f CMakeFiles/cmTC_4702f.dir/build.make CMakeFiles/cmTC_4702f.dir/build
gmake[1]: Entering directory '/work/webrcade/retrostash/flycast-wasm/source/build-wasm-prod/CMakeFiles/CMakeTmp'
Building C object CMakeFiles/cmTC_4702f.dir/src.c.o
/emsdk/upstream/emscripten/emcc -DHAVE_NULLABLE -D__STDC_WANT_LIB_EXT1__=1  -DJIT_PROD_BUILD=1 -DFLY_RELEASE_BUILD=1  -fPIE -MD -MT CMakeFiles/cmTC_4702f.dir/src.c.o -MF CMakeFiles/cmTC_4702f.dir/src.c.o.d -o CMakeFiles/cmTC_4702f.dir/src.c.o -c /work/webrcade/retrostash/flycast-wasm/source/build-wasm-prod/CMakeFiles/CMakeTmp/src.c
Linking C executable cmTC_4702f.js
/usr/bin/cmake -E cmake_link_script CMakeFiles/cmTC_4702f.dir/link.txt --verbose=1
/emsdk/upstream/emscripten/emcc -DJIT_PROD_BUILD=1 -DFLY_RELEASE_BUILD=1  @CMakeFiles/cmTC_4702f.dir/objects1.rsp -o cmTC_4702f.js 
gmake[1]: Leaving directory '/work/webrcade/retrostash/flycast-wasm/source/build-wasm-prod/CMakeFiles/CMakeTmp'


Source file was:

int foo(char * _Nullable bar);
int main(int argc, char *argv[]) { }
Determining if the __EMSCRIPTEN__ exist passed with the following output:
Change Dir: /work/webrcade/retrostash/flycast-wasm/source/build-wasm-prod/CMakeFiles/CMakeTmp

Run Build Command(s):/usr/bin/gmake -f Makefile cmTC_47871/fast && /usr/bin/gmake  -f CMakeFiles/cmTC_47871.dir/build.make CMakeFiles/cmTC_47871.dir/build
gmake[1]: Entering directory '/work/webrcade/retrostash/flycast-wasm/source/build-wasm-prod/CMakeFiles/CMakeTmp'
Building C object CMakeFiles/cmTC_47871.dir/CheckSymbolExists.c.o
/emsdk/upstream/emscripten/emcc   -DJIT_PROD_BUILD=1 -DFLY_RELEASE_BUILD=1 -pthread  -MD -MT CMakeFiles/cmTC_47871.dir/CheckSymbolExists.c.o -MF CMakeFiles/cmTC_47871.dir/CheckSymbolExists.c.o.d -o CMakeFiles/cmTC_47871.dir/CheckSymbolExists.c.o -c /work/webrcade/retrostash/flycast-wasm/source/build-wasm-prod/CMakeFiles/CMakeTmp/CheckSymbolExists.c
Linking C executable cmTC_47871.js
/usr/bin/cmake -E cmake_link_script CMakeFiles/cmTC_47871.dir/link.txt --verbose=1
/emsdk/upstream/emscripten/emcc -DJIT_PROD_BUILD=1 -DFLY_RELEASE_BUILD=1 -pthread  @CMakeFiles/cmTC_47871.dir/objects1.rsp -o cmTC_47871.js 
cache:INFO: generating system asset: symbol_lists/135bde1101b756665833bee8f0a39ff8b350d0ca.json... (this will be cached in "/emsdk/upstream/emscripten/cache/symbol_lists/135bde1101b756665833bee8f0a39ff8b350d0ca.json" for subsequent builds)
cache:INFO:  - ok
gmake[1]: Leaving directory '/work/webrcade/retrostash/flycast-wasm/source/build-wasm-prod/CMakeFiles/CMakeTmp'


File /work/webrcade/retrostash/flycast-wasm/source/build-wasm-prod/CMakeFiles/CMakeTmp/CheckSymbolExists.c:
/* */

int main(int argc, char** argv)
{
  (void)argv;
#ifndef __EMSCRIPTEN__
  return ((int*)(&__EMSCRIPTEN__))[argc];
#else
  (void)argc;
  return 0;
#endif
}
Determining if the __EMSCRIPTEN__ exist passed with the following output:
Change Dir: /work/webrcade/retrostash/flycast-wasm/source/build-wasm-prod/CMakeFiles/CMakeTmp

Run Build Command(s):/usr/bin/gmake -f Makefile cmTC_4674b/fast && /usr/bin/gmake  -f CMakeFiles/cmTC_4674b.dir/build.make CMakeFiles/cmTC_4674b.dir/build
gmake[1]: Entering directory '/work/webrcade/retrostash/flycast-wasm/source/build-wasm-prod/CMakeFiles/CMakeTmp'
Building C object CMakeFiles/cmTC_4674b.dir/CheckSymbolExists.c.o
/emsdk/upstream/emscripten/emcc   -DJIT_PROD_BUILD=1 -DFLY_RELEASE_BUILD=1 -pthread -g  -MD -MT CMakeFiles/cmTC_4674b.dir/CheckSymbolExists.c.o -MF CMakeFiles/cmTC_4674b.dir/CheckSymbolExists.c.o.d -o CMakeFiles/cmTC_4674b.dir/CheckSymbolExists.c.o -c /work/webrcade/retrostash/flycast-wasm/source/build-wasm-prod/CMakeFiles/CMakeTmp/CheckSymbolExists.c
Linking C executable cmTC_4674b.js
/usr/bin/cmake -E cmake_link_script CMakeFiles/cmTC_4674b.dir/link.txt --verbose=1
/emsdk/upstream/emscripten/emcc -DJIT_PROD_BUILD=1 -DFLY_RELEASE_BUILD=1 -pthread -g  @CMakeFiles/cmTC_4674b.dir/objects1.rsp -o cmTC_4674b.js 
cache:INFO: generating system asset: symbol_lists/365e1a90b80e535236ec2440095d9c7547b4cb95.json... (this will be cached in "/emsdk/upstream/emscripten/cache/symbol_lists/365e1a90b80e535236ec2440095d9c7547b4cb95.json" for subsequent builds)
cache:INFO:  - ok
gmake[1]: Leaving directory '/work/webrcade/retrostash/flycast-wasm/source/build-wasm-prod/CMakeFiles/CMakeTmp'


File /work/webrcade/retrostash/flycast-wasm/source/build-wasm-prod/CMakeFiles/CMakeTmp/CheckSymbolExists.c:
/* */

int main(int argc, char** argv)
{
  (void)argv;
#ifndef __EMSCRIPTEN__
  return ((int*)(&__EMSCRIPTEN__))[argc];
#else
  (void)argc;
  return 0;
#endif
}
Determining if the __EMSCRIPTEN__ exist passed with the following output:
Change Dir: /work/webrcade/retrostash/flycast-wasm/source/build-wasm-prod/CMakeFiles/CMakeTmp

Run Build Command(s):/usr/bin/gmake -f Makefile cmTC_c0dad/fast && /usr/bin/gmake  -f CMakeFiles/cmTC_c0dad.dir/build.make CMakeFiles/cmTC_c0dad.dir/build
gmake[1]: Entering directory '/work/webrcade/retrostash/flycast-wasm/source/build-wasm-prod/CMakeFiles/CMakeTmp'
Building C object CMakeFiles/cmTC_c0dad.dir/CheckSymbolExists.c.o
/emsdk/upstream/emscripten/emcc   -DJIT_PROD_BUILD=1 -DFLY_RELEASE_BUILD=1 -pthread -g -Dfill_dated_filename=flycast_fill_dated_filename -Dfill_pathname=flycast_fill_pathname -Dfill_pathname_abbreviate_special=flycast_fill_pathname_abbreviate_special -Dfill_pathname_application_dir=flycast_fill_pathname_application_dir -Dfill_pathname_application_path=flycast_fill_pathname_application_path -Dfill_pathname_base=flycast_fill_pathname_base -Dfill_pathname_base_ext=flycast_fill_pathname_base_ext -Dfill_pathname_base_noext=flycast_fill_pathname_base_noext -Dfill_pathname_basedir=flycast_fill_pathname_basedir -Dfill_pathname_basedir_noext=flycast_fill_pathname_basedir_noext -Dfill_pathname_dir=flycast_fill_pathname_dir -Dfill_pathname_expand_special=flycast_fill_pathname_expand_special -Dfill_pathname_home_dir=flycast_fill_pathname_home_dir -Dfill_pathname_join=flycast_fill_pathname_join -Dfill_pathname_join_concat=flycast_fill_pathname_join_concat -Dfill_pathname_join_concat_noext=flycast_fill_pathname_join_concat_noext -Dfill_pathname_join_delim=flycast_fill_pathname_join_delim -Dfill_pathname_join_delim_concat=flycast_fill_pathname_join_delim_concat -Dfill_pathname_join_noext=flycast_fill_pathname_join_noext -Dfill_pathname_join_special_ext=flycast_fill_pathname_join_special_ext -Dfill_pathname_noext=flycast_fill_pathname_noext -Dfill_pathname_parent_dir=flycast_fill_pathname_parent_dir -Dfill_pathname_parent_dir_name=flycast_fill_pathname_parent_dir_name -Dfill_pathname_resolve_relative=flycast_fill_pathname_resolve_relative -Dfill_pathname_slash=flycast_fill_pathname_slash -Dfill_short_pathname_representation=flycast_fill_short_pathname_representation -Dfill_short_pathname_representation_noext=flycast_fill_short_pathname_representation_noext -Dfill_str_dated_filename=flycast_fill_str_dated_filename -Dfind_last_slash=flycast_find_last_slash -Dis_path_accessible_using_standard_io=flycast_is_path_accessible_using_standard_io -Dpath_basedir=flycast_path_basedir -Dpath_basedir_wrapper=flycast_path_basedir_wrapper -Dpath_get_size=flycast_path_get_size -Dpath_is_absolute=flycast_path_is_absolute -Dpath_is_character_special=flycast_path_is_character_special -Dpath_is_compressed_file=flycast_path_is_compressed_file -Dpath_is_directory=flycast_path_is_directory -Dpath_is_valid=flycast_path_is_valid -Dpath_mkdir=flycast_path_mkdir -Dpath_parent_dir=flycast_path_parent_dir -Dpath_relative_to=flycast_path_relative_to -Dpath_remove_extension=flycast_path_remove_extension -Dpath_resolve_realpath=flycast_path_resolve_realpath -Dpath_stat=flycast_path_stat -Dpath_vfs_init=flycast_path_vfs_init  -MD -MT CMakeFiles/cmTC_c0dad.dir/CheckSymbolExists.c.o -MF CMakeFiles/cmTC_c0dad.dir/CheckSymbolExists.c.o.d -o CMakeFiles/cmTC_c0dad.dir/CheckSymbolExists.c.o -c /work/webrcade/retrostash/flycast-wasm/source/build-wasm-prod/CMakeFiles/CMakeTmp/CheckSymbolExists.c
Linking C executable cmTC_c0dad.js
/usr/bin/cmake -E cmake_link_script CMakeFiles/cmTC_c0dad.dir/link.txt --verbose=1
/emsdk/upstream/emscripten/emcc -DJIT_PROD_BUILD=1 -DFLY_RELEASE_BUILD=1 -pthread -g -Dfill_dated_filename=flycast_fill_dated_filename -Dfill_pathname=flycast_fill_pathname -Dfill_pathname_abbreviate_special=flycast_fill_pathname_abbreviate_special -Dfill_pathname_application_dir=flycast_fill_pathname_application_dir -Dfill_pathname_application_path=flycast_fill_pathname_application_path -Dfill_pathname_base=flycast_fill_pathname_base -Dfill_pathname_base_ext=flycast_fill_pathname_base_ext -Dfill_pathname_base_noext=flycast_fill_pathname_base_noext -Dfill_pathname_basedir=flycast_fill_pathname_basedir -Dfill_pathname_basedir_noext=flycast_fill_pathname_basedir_noext -Dfill_pathname_dir=flycast_fill_pathname_dir -Dfill_pathname_expand_special=flycast_fill_pathname_expand_special -Dfill_pathname_home_dir=flycast_fill_pathname_home_dir -Dfill_pathname_join=flycast_fill_pathname_join -Dfill_pathname_join_concat=flycast_fill_pathname_join_concat -Dfill_pathname_join_concat_noext=flycast_fill_pathname_join_concat_noext -Dfill_pathname_join_delim=flycast_fill_pathname_join_delim -Dfill_pathname_join_delim_concat=flycast_fill_pathname_join_delim_concat -Dfill_pathname_join_noext=flycast_fill_pathname_join_noext -Dfill_pathname_join_special_ext=flycast_fill_pathname_join_special_ext -Dfill_pathname_noext=flycast_fill_pathname_noext -Dfill_pathname_parent_dir=flycast_fill_pathname_parent_dir -Dfill_pathname_parent_dir_name=flycast_fill_pathname_parent_dir_name -Dfill_pathname_resolve_relative=flycast_fill_pathname_resolve_relative -Dfill_pathname_slash=flycast_fill_pathname_slash -Dfill_short_pathname_representation=flycast_fill_short_pathname_representation -Dfill_short_pathname_representation_noext=flycast_fill_short_pathname_representation_noext -Dfill_str_dated_filename=flycast_fill_str_dated_filename -Dfind_last_slash=flycast_find_last_slash -Dis_path_accessible_using_standard_io=flycast_is_path_accessible_using_standard_io -Dpath_basedir=flycast_path_basedir -Dpath_basedir_wrapper=flycast_path_basedir_wrapper -Dpath_get_size=flycast_path_get_size -Dpath_is_absolute=flycast_path_is_absolute -Dpath_is_character_special=flycast_path_is_character_special -Dpath_is_compressed_file=flycast_path_is_compressed_file -Dpath_is_directory=flycast_path_is_directory -Dpath_is_valid=flycast_path_is_valid -Dpath_mkdir=flycast_path_mkdir -Dpath_parent_dir=flycast_path_parent_dir -Dpath_relative_to=flycast_path_relative_to -Dpath_remove_extension=flycast_path_remove_extension -Dpath_resolve_realpath=flycast_path_resolve_realpath -Dpath_stat=flycast_path_stat -Dpath_vfs_init=flycast_path_vfs_init  @CMakeFiles/cmTC_c0dad.dir/objects1.rsp -o cmTC_c0dad.js 
gmake[1]: Leaving directory '/work/webrcade/retrostash/flycast-wasm/source/build-wasm-prod/CMakeFiles/CMakeTmp'


File /work/webrcade/retrostash/flycast-wasm/source/build-wasm-prod/CMakeFiles/CMakeTmp/CheckSymbolExists.c:
/* */

int main(int argc, char** argv)
{
  (void)argv;
#ifndef __EMSCRIPTEN__
  return ((int*)(&__EMSCRIPTEN__))[argc];
#else
  (void)argc;
  return 0;
#endif
}
Determining if the __EMSCRIPTEN__ exist passed with the following output:
Change Dir: /work/webrcade/retrostash/flycast-wasm/source/build-wasm-prod/CMakeFiles/CMakeTmp

Run Build Command(s):/usr/bin/gmake -f Makefile cmTC_71b0e/fast && /usr/bin/gmake  -f CMakeFiles/cmTC_71b0e.dir/build.make CMakeFiles/cmTC_71b0e.dir/build
gmake[1]: Entering directory '/work/webrcade/retrostash/flycast-wasm/source/build-wasm-prod/CMakeFiles/CMakeTmp'
Building C object CMakeFiles/cmTC_71b0e.dir/CheckSymbolExists.c.o
/emsdk/upstream/emscripten/emcc   -DJIT_PROD_BUILD=1 -DFLY_RELEASE_BUILD=1 -pthread -g -Dfill_dated_filename=flycast_fill_dated_filename -Dfill_pathname=flycast_fill_pathname -Dfill_pathname_abbreviate_special=flycast_fill_pathname_abbreviate_special -Dfill_pathname_application_dir=flycast_fill_pathname_application_dir -Dfill_pathname_application_path=flycast_fill_pathname_application_path -Dfill_pathname_base=flycast_fill_pathname_base -Dfill_pathname_base_ext=flycast_fill_pathname_base_ext -Dfill_pathname_base_noext=flycast_fill_pathname_base_noext -Dfill_pathname_basedir=flycast_fill_pathname_basedir -Dfill_pathname_basedir_noext=flycast_fill_pathname_basedir_noext -Dfill_pathname_dir=flycast_fill_pathname_dir -Dfill_pathname_expand_special=flycast_fill_pathname_expand_special -Dfill_pathname_home_dir=flycast_fill_pathname_home_dir -Dfill_pathname_join=flycast_fill_pathname_join -Dfill_pathname_join_concat=flycast_fill_pathname_join_concat -Dfill_pathname_join_concat_noext=flycast_fill_pathname_join_concat_noext -Dfill_pathname_join_delim=flycast_fill_pathname_join_delim -Dfill_pathname_join_delim_concat=flycast_fill_pathname_join_delim_concat -Dfill_pathname_join_noext=flycast_fill_pathname_join_noext -Dfill_pathname_join_special_ext=flycast_fill_pathname_join_special_ext -Dfill_pathname_noext=flycast_fill_pathname_noext -Dfill_pathname_parent_dir=flycast_fill_pathname_parent_dir -Dfill_pathname_parent_dir_name=flycast_fill_pathname_parent_dir_name -Dfill_pathname_resolve_relative=flycast_fill_pathname_resolve_relative -Dfill_pathname_slash=flycast_fill_pathname_slash -Dfill_short_pathname_representation=flycast_fill_short_pathname_representation -Dfill_short_pathname_representation_noext=flycast_fill_short_pathname_representation_noext -Dfill_str_dated_filename=flycast_fill_str_dated_filename -Dfind_last_slash=flycast_find_last_slash -Dis_path_accessible_using_standard_io=flycast_is_path_accessible_using_standard_io -Dpath_basedir=flycast_path_basedir -Dpath_basedir_wrapper=flycast_path_basedir_wrapper -Dpath_get_size=flycast_path_get_size -Dpath_is_absolute=flycast_path_is_absolute -Dpath_is_character_special=flycast_path_is_character_special -Dpath_is_compressed_file=flycast_path_is_compressed_file -Dpath_is_directory=flycast_path_is_directory -Dpath_is_valid=flycast_path_is_valid -Dpath_mkdir=flycast_path_mkdir -Dpath_parent_dir=flycast_path_parent_dir -Dpath_relative_to=flycast_path_relative_to -Dpath_remove_extension=flycast_path_remove_extension -Dpath_resolve_realpath=flycast_path_resolve_realpath -Dpath_stat=flycast_path_stat -Dpath_vfs_init=flycast_path_vfs_init -Dword_wrap=flycast_word_wrap  -MD -MT CMakeFiles/cmTC_71b0e.dir/CheckSymbolExists.c.o -MF CMakeFiles/cmTC_71b0e.dir/CheckSymbolExists.c.o.d -o CMakeFiles/cmTC_71b0e.dir/CheckSymbolExists.c.o -c /work/webrcade/retrostash/flycast-wasm/source/build-wasm-prod/CMakeFiles/CMakeTmp/CheckSymbolExists.c
Linking C executable cmTC_71b0e.js
/usr/bin/cmake -E cmake_link_script CMakeFiles/cmTC_71b0e.dir/link.txt --verbose=1
/emsdk/upstream/emscripten/emcc -DJIT_PROD_BUILD=1 -DFLY_RELEASE_BUILD=1 -pthread -g -Dfill_dated_filename=flycast_fill_dated_filename -Dfill_pathname=flycast_fill_pathname -Dfill_pathname_abbreviate_special=flycast_fill_pathname_abbreviate_special -Dfill_pathname_application_dir=flycast_fill_pathname_application_dir -Dfill_pathname_application_path=flycast_fill_pathname_application_path -Dfill_pathname_base=flycast_fill_pathname_base -Dfill_pathname_base_ext=flycast_fill_pathname_base_ext -Dfill_pathname_base_noext=flycast_fill_pathname_base_noext -Dfill_pathname_basedir=flycast_fill_pathname_basedir -Dfill_pathname_basedir_noext=flycast_fill_pathname_basedir_noext -Dfill_pathname_dir=flycast_fill_pathname_dir -Dfill_pathname_expand_special=flycast_fill_pathname_expand_special -Dfill_pathname_home_dir=flycast_fill_pathname_home_dir -Dfill_pathname_join=flycast_fill_pathname_join -Dfill_pathname_join_concat=flycast_fill_pathname_join_concat -Dfill_pathname_join_concat_noext=flycast_fill_pathname_join_concat_noext -Dfill_pathname_join_delim=flycast_fill_pathname_join_delim -Dfill_pathname_join_delim_concat=flycast_fill_pathname_join_delim_concat -Dfill_pathname_join_noext=flycast_fill_pathname_join_noext -Dfill_pathname_join_special_ext=flycast_fill_pathname_join_special_ext -Dfill_pathname_noext=flycast_fill_pathname_noext -Dfill_pathname_parent_dir=flycast_fill_pathname_parent_dir -Dfill_pathname_parent_dir_name=flycast_fill_pathname_parent_dir_name -Dfill_pathname_resolve_relative=flycast_fill_pathname_resolve_relative -Dfill_pathname_slash=flycast_fill_pathname_slash -Dfill_short_pathname_representation=flycast_fill_short_pathname_representation -Dfill_short_pathname_representation_noext=flycast_fill_short_pathname_representation_noext -Dfill_str_dated_filename=flycast_fill_str_dated_filename -Dfind_last_slash=flycast_find_last_slash -Dis_path_accessible_using_standard_io=flycast_is_path_accessible_using_standard_io -Dpath_basedir=flycast_path_basedir -Dpath_basedir_wrapper=flycast_path_basedir_wrapper -Dpath_get_size=flycast_path_get_size -Dpath_is_absolute=flycast_path_is_absolute -Dpath_is_character_special=flycast_path_is_character_special -Dpath_is_compressed_file=flycast_path_is_compressed_file -Dpath_is_directory=flycast_path_is_directory -Dpath_is_valid=flycast_path_is_valid -Dpath_mkdir=flycast_path_mkdir -Dpath_parent_dir=flycast_path_parent_dir -Dpath_relative_to=flycast_path_relative_to -Dpath_remove_extension=flycast_path_remove_extension -Dpath_resolve_realpath=flycast_path_resolve_realpath -Dpath_stat=flycast_path_stat -Dpath_vfs_init=flycast_path_vfs_init -Dword_wrap=flycast_word_wrap  @CMakeFiles/cmTC_71b0e.dir/objects1.rsp -o cmTC_71b0e.js 
gmake[1]: Leaving directory '/work/webrcade/retrostash/flycast-wasm/source/build-wasm-prod/CMakeFiles/CMakeTmp'


File /work/webrcade/retrostash/flycast-wasm/source/build-wasm-prod/CMakeFiles/CMakeTmp/CheckSymbolExists.c:
/* */

int main(int argc, char** argv)
{
  (void)argv;
#ifndef __EMSCRIPTEN__
  return ((int*)(&__EMSCRIPTEN__))[argc];
#else
  (void)argc;
  return 0;
#endif
}
Determining if the __EMSCRIPTEN__ exist passed with the following output:
Change Dir: /work/webrcade/retrostash/flycast-wasm/source/build-wasm-prod/CMakeFiles/CMakeTmp

Run Build Command(s):/usr/bin/gmake -f Makefile cmTC_1839c/fast && /usr/bin/gmake  -f CMakeFiles/cmTC_1839c.dir/build.make CMakeFiles/cmTC_1839c.dir/build
gmake[1]: Entering directory '/work/webrcade/retrostash/flycast-wasm/source/build-wasm-prod/CMakeFiles/CMakeTmp'
Building C object CMakeFiles/cmTC_1839c.dir/CheckSymbolExists.c.o
/emsdk/upstream/emscripten/emcc   -DJIT_PROD_BUILD=1 -DFLY_RELEASE_BUILD=1 -pthread -g -Dfill_dated_filename=flycast_fill_dated_filename -Dfill_pathname=flycast_fill_pathname -Dfill_pathname_abbreviate_special=flycast_fill_pathname_abbreviate_special -Dfill_pathname_application_dir=flycast_fill_pathname_application_dir -Dfill_pathname_application_path=flycast_fill_pathname_application_path -Dfill_pathname_base=flycast_fill_pathname_base -Dfill_pathname_base_ext=flycast_fill_pathname_base_ext -Dfill_pathname_base_noext=flycast_fill_pathname_base_noext -Dfill_pathname_basedir=flycast_fill_pathname_basedir -Dfill_pathname_basedir_noext=flycast_fill_pathname_basedir_noext -Dfill_pathname_dir=flycast_fill_pathname_dir -Dfill_pathname_expand_special=flycast_fill_pathname_expand_special -Dfill_pathname_home_dir=flycast_fill_pathname_home_dir -Dfill_pathname_join=flycast_fill_pathname_join -Dfill_pathname_join_concat=flycast_fill_pathname_join_concat -Dfill_pathname_join_concat_noext=flycast_fill_pathname_join_concat_noext -Dfill_pathname_join_delim=flycast_fill_pathname_join_delim -Dfill_pathname_join_delim_concat=flycast_fill_pathname_join_delim_concat -Dfill_pathname_join_noext=flycast_fill_pathname_join_noext -Dfill_pathname_join_special_ext=flycast_fill_pathname_join_special_ext -Dfill_pathname_noext=flycast_fill_pathname_noext -Dfill_pathname_parent_dir=flycast_fill_pathname_parent_dir -Dfill_pathname_parent_dir_name=flycast_fill_pathname_parent_dir_name -Dfill_pathname_resolve_relative=flycast_fill_pathname_resolve_relative -Dfill_pathname_slash=flycast_fill_pathname_slash -Dfill_short_pathname_representation=flycast_fill_short_pathname_representation -Dfill_short_pathname_representation_noext=flycast_fill_short_pathname_representation_noext -Dfill_str_dated_filename=flycast_fill_str_dated_filename -Dfind_last_slash=flycast_find_last_slash -Dis_path_accessible_using_standard_io=flycast_is_path_accessible_using_standard_io -Dpath_basedir=flycast_path_basedir -Dpath_basedir_wrapper=flycast_path_basedir_wrapper -Dpath_get_size=flycast_path_get_size -Dpath_is_absolute=flycast_path_is_absolute -Dpath_is_character_special=flycast_path_is_character_special -Dpath_is_compressed_file=flycast_path_is_compressed_file -Dpath_is_directory=flycast_path_is_directory -Dpath_is_valid=flycast_path_is_valid -Dpath_mkdir=flycast_path_mkdir -Dpath_parent_dir=flycast_path_parent_dir -Dpath_relative_to=flycast_path_relative_to -Dpath_remove_extension=flycast_path_remove_extension -Dpath_resolve_realpath=flycast_path_resolve_realpath -Dpath_stat=flycast_path_stat -Dpath_vfs_init=flycast_path_vfs_init -Dword_wrap=flycast_word_wrap -Drglgen_resolve_symbols=flycast_rglgen_resolve_symbols -Drglgen_resolve_symbols_custom=flycast_rglgen_resolve_symbols_custom -Drglgen_symbol_map=flycast_rglgen_symbol_map  -MD -MT CMakeFiles/cmTC_1839c.dir/CheckSymbolExists.c.o -MF CMakeFiles/cmTC_1839c.dir/CheckSymbolExists.c.o.d -o CMakeFiles/cmTC_1839c.dir/CheckSymbolExists.c.o -c /work/webrcade/retrostash/flycast-wasm/source/build-wasm-prod/CMakeFiles/CMakeTmp/CheckSymbolExists.c
Linking C executable cmTC_1839c.js
/usr/bin/cmake -E cmake_link_script CMakeFiles/cmTC_1839c.dir/link.txt --verbose=1
/emsdk/upstream/emscripten/emcc -DJIT_PROD_BUILD=1 -DFLY_RELEASE_BUILD=1 -pthread -g -Dfill_dated_filename=flycast_fill_dated_filename -Dfill_pathname=flycast_fill_pathname -Dfill_pathname_abbreviate_special=flycast_fill_pathname_abbreviate_special -Dfill_pathname_application_dir=flycast_fill_pathname_application_dir -Dfill_pathname_application_path=flycast_fill_pathname_application_path -Dfill_pathname_base=flycast_fill_pathname_base -Dfill_pathname_base_ext=flycast_fill_pathname_base_ext -Dfill_pathname_base_noext=flycast_fill_pathname_base_noext -Dfill_pathname_basedir=flycast_fill_pathname_basedir -Dfill_pathname_basedir_noext=flycast_fill_pathname_basedir_noext -Dfill_pathname_dir=flycast_fill_pathname_dir -Dfill_pathname_expand_special=flycast_fill_pathname_expand_special -Dfill_pathname_home_dir=flycast_fill_pathname_home_dir -Dfill_pathname_join=flycast_fill_pathname_join -Dfill_pathname_join_concat=flycast_fill_pathname_join_concat -Dfill_pathname_join_concat_noext=flycast_fill_pathname_join_concat_noext -Dfill_pathname_join_delim=flycast_fill_pathname_join_delim -Dfill_pathname_join_delim_concat=flycast_fill_pathname_join_delim_concat -Dfill_pathname_join_noext=flycast_fill_pathname_join_noext -Dfill_pathname_join_special_ext=flycast_fill_pathname_join_special_ext -Dfill_pathname_noext=flycast_fill_pathname_noext -Dfill_pathname_parent_dir=flycast_fill_pathname_parent_dir -Dfill_pathname_parent_dir_name=flycast_fill_pathname_parent_dir_name -Dfill_pathname_resolve_relative=flycast_fill_pathname_resolve_relative -Dfill_pathname_slash=flycast_fill_pathname_slash -Dfill_short_pathname_representation=flycast_fill_short_pathname_representation -Dfill_short_pathname_representation_noext=flycast_fill_short_pathname_representation_noext -Dfill_str_dated_filename=flycast_fill_str_dated_filename -Dfind_last_slash=flycast_find_last_slash -Dis_path_accessible_using_standard_io=flycast_is_path_accessible_using_standard_io -Dpath_basedir=flycast_path_basedir -Dpath_basedir_wrapper=flycast_path_basedir_wrapper -Dpath_get_size=flycast_path_get_size -Dpath_is_absolute=flycast_path_is_absolute -Dpath_is_character_special=flycast_path_is_character_special -Dpath_is_compressed_file=flycast_path_is_compressed_file -Dpath_is_directory=flycast_path_is_directory -Dpath_is_valid=flycast_path_is_valid -Dpath_mkdir=flycast_path_mkdir -Dpath_parent_dir=flycast_path_parent_dir -Dpath_relative_to=flycast_path_relative_to -Dpath_remove_extension=flycast_path_remove_extension -Dpath_resolve_realpath=flycast_path_resolve_realpath -Dpath_stat=flycast_path_stat -Dpath_vfs_init=flycast_path_vfs_init -Dword_wrap=flycast_word_wrap -Drglgen_resolve_symbols=flycast_rglgen_resolve_symbols -Drglgen_resolve_symbols_custom=flycast_rglgen_resolve_symbols_custom -Drglgen_symbol_map=flycast_rglgen_symbol_map  @CMakeFiles/cmTC_1839c.dir/objects1.rsp -o cmTC_1839c.js 
gmake[1]: Leaving directory '/work/webrcade/retrostash/flycast-wasm/source/build-wasm-prod/CMakeFiles/CMakeTmp'


File /work/webrcade/retrostash/flycast-wasm/source/build-wasm-prod/CMakeFiles/CMakeTmp/CheckSymbolExists.c:
/* */

int main(int argc, char** argv)
{
  (void)argv;
#ifndef __EMSCRIPTEN__
  return ((int*)(&__EMSCRIPTEN__))[argc];
#else
  (void)argc;
  return 0;
#endif
}
